,Player,Team_x,FPTS,FPTS_high,FPTS_low,Position,Range,matches,ID,First Name,Last Name,Position_y,Team_y,Opponent,Game,Time,Salary,FPPG,Injury Status,Starting,Name,Expert FP/Salary,Summary
0,Travis Kelce,KC,14.6,21.3,14.3,TE,7.0,Travis Kelce,nfl.p.26686,Travis,Kelce,TE,KC,DEN,DEN@KC,8:15PM EDT,34,13.4,Q, ,Travis Kelce,0.4294117647058823,"('Travis Kelce', 0.4294117647058823, 34, 14.6, 7.0, 21.3, 14.3)"
1,T.J. Hockenson,MIN,11.9,18.5,11.6,TE,6.9,T.J. Hockenson,nfl.p.31840,T.J.,Hockenson,TE,MIN,CHI,MIN@CHI,1:00PM EDT,23,10.1, , ,T.J. Hockenson,0.5173913043478261,"('T.J. Hockenson', 0.5173913043478261, 23, 11.9, 6.9, 18.5, 11.6)"
2,Mark Andrews,BAL,11.1,16.1,10.8,TE,5.300000000000001,Mark Andrews,nfl.p.31056,Mark,Andrews,TE,BAL,TEN,BAL@TEN,9:30AM EDT,21,12.6, , ,Mark Andrews,0.5285714285714286,"('Mark Andrews', 0.5285714285714286, 21, 11.1, 5.300000000000001, 16.1, 10.8)"
3,Evan Engram,JAC,9.1,14.5,8.5,TE,6.0,Evan Engram,nfl.p.30136,Evan,Engram,TE,JAC,IND,IND@JAC,1:00PM EDT,19,8.1, , ,Evan Engram,0.4789473684210526,"('Evan Engram', 0.4789473684210526, 19, 9.1, 6.0, 14.5, 8.5)"
4,Sam LaPorta,DET,8.9,13.0,8.6,TE,4.4,Sam LaPorta,nfl.p.40064,Sam,LaPorta,TE,DET,TB,DET@TB,4:25PM EDT,20,11.9,Q, ,Sam LaPorta,0.445,"('Sam LaPorta', 0.445, 20, 8.9, 4.4, 13.0, 8.6)"
5,Cole Kmet,CHI,8.8,14.1,7.1,TE,7.0,Cole Kmet,nfl.p.32713,Cole,Kmet,TE,CHI,MIN,MIN@CHI,1:00PM EDT,17,10.5,Q, ,Cole Kmet,0.5176470588235295,"('Cole Kmet', 0.5176470588235295, 17, 8.8, 7.0, 14.1, 7.1)"
6,Darren Waller,NYG,8.8,13.6,7.8,TE,5.8,Darren Waller,nfl.p.28592,Darren,Waller,TE,NYG,BUF,NYG@BUF,8:20PM EDT,12,7.1,Q, ,Darren Waller,0.7333333333333334,"('Darren Waller', 0.7333333333333334, 12, 8.8, 5.8, 13.6, 7.8)"
7,George Kittle,SF,8.4,11.8,7.8,TE,4.000000000000001,George Kittle,nfl.p.30259,George,Kittle,TE,SF,CLE,SF@CLE,1:00PM EDT,15,9.6, , ,George Kittle,0.56,"('George Kittle', 0.56, 15, 8.4, 4.000000000000001, 11.8, 7.8)"
8,Dallas Goedert,PHI,8.0,12.3,7.9,TE,4.4,Dallas Goedert,nfl.p.31019,Dallas,Goedert,TE,PHI,NYJ,PHI@NYJ,4:25PM EDT,18,7.4, , ,Dallas Goedert,0.4444444444444444,"('Dallas Goedert', 0.4444444444444444, 18, 8.0, 4.4, 12.3, 7.9)"
9,Dalton Schultz,HOU,7.5,12.2,7.0,TE,5.199999999999999,Dalton Schultz,nfl.p.31107,Dalton,Schultz,TE,HOU,NO,NO@HOU,1:00PM EDT,11,7.2, , ,Dalton Schultz,0.6818181818181818,"('Dalton Schultz', 0.6818181818181818, 11, 7.5, 5.199999999999999, 12.2, 7.0)"
10,Zach Ertz,ARI,7.4,11.9,6.8,TE,5.1000000000000005,Zach Ertz,nfl.p.26658,Zach,Ertz,TE,ARI,LA,ARI@LA,4:25PM EDT,14,6.3, , ,Zach Ertz,0.5285714285714286,"('Zach Ertz', 0.5285714285714286, 14, 7.4, 5.1000000000000005, 11.9, 6.8)"
11,Logan Thomas,WAS,7.2,10.5,6.6,TE,3.9,Logan Thomas,nfl.p.27648,Logan,Thomas,TE,WAS,ATL,WAS@ATL,1:00PM EDT,15,9.4, , ,Logan Thomas,0.48000000000000004,"('Logan Thomas', 0.48000000000000004, 15, 7.2, 3.9, 10.5, 6.6)"
12,Jake Ferguson,DAL,7.2,11.6,6.8,TE,4.8,Jake Ferguson,nfl.p.34085,Jake,Ferguson,TE,DAL,LAC,DAL@LAC,8:15PM EDT,15,6.7, , ,Jake Ferguson,0.48000000000000004,"('Jake Ferguson', 0.48000000000000004, 15, 7.2, 4.8, 11.6, 6.8)"
13,Kyle Pitts,ATL,7.1,10.7,7.1,TE,3.6,Kyle Pitts,nfl.p.33392,Kyle,Pitts,TE,ATL,WAS,WAS@ATL,1:00PM EDT,13,5.9, , ,Kyle Pitts,0.5461538461538461,"('Kyle Pitts', 0.5461538461538461, 13, 7.1, 3.6, 10.7, 7.1)"
14,Tyler Higbee,LAR,6.8,11.1,7.0,TE,4.1,Tyler Higbee,nfl.p.29344,Tyler,Higbee,TE,LA,ARI,ARI@LA,4:25PM EDT,16,6.1, , ,Tyler Higbee,0.425,"('Tyler Higbee', 0.425, 16, 6.8, 4.1, 11.1, 7.0)"
15,Hunter Henry,NE,6.5,10.1,5.8,TE,4.3,Hunter Henry,nfl.p.29269,Hunter,Henry,TE,NE,LV,NE@LV,4:05PM EDT,13,7.6, , ,Hunter Henry,0.5,"('Hunter Henry', 0.5, 13, 6.5, 4.3, 10.1, 5.8)"
16,David Njoku,CLE,6.3,10.5,5.0,TE,5.5,David Njoku,nfl.p.30142,David,Njoku,TE,CLE,SF,SF@CLE,1:00PM EDT,12,4.9,Q, ,David Njoku,0.525,"('David Njoku', 0.525, 12, 6.3, 5.5, 10.5, 5.0)"
17,Tyler Conklin,NYJ,6.2,10.0,5.2,TE,4.8,Tyler Conklin,nfl.p.31127,Tyler,Conklin,TE,NYJ,PHI,PHI@NYJ,4:25PM EDT,13,5.8, , ,Tyler Conklin,0.47692307692307695,"('Tyler Conklin', 0.47692307692307695, 13, 6.2, 4.8, 10.0, 5.2)"
18,Dawson Knox,BUF,6.1,10.3,4.9,TE,5.4,Dawson Knox,nfl.p.31928,Dawson,Knox,TE,BUF,NYG,NYG@BUF,8:20PM EDT,12,3.8,Q, ,Dawson Knox,0.5083333333333333,"('Dawson Knox', 0.5083333333333333, 12, 6.1, 5.4, 10.3, 4.9)"
19,Chigoziem Okonkwo,TEN,6.0,9.6,5.9,TE,3.6999999999999993,Chigoziem Okonkwo,nfl.p.34099,Chigoziem,Okonkwo,TE,TEN,BAL,BAL@TEN,9:30AM EDT,11,3.6, , ,Chigoziem Okonkwo,0.5454545454545454,"('Chigoziem Okonkwo', 0.5454545454545454, 11, 6.0, 3.6999999999999993, 9.6, 5.9)"
20,Jonnu Smith,ATL,5.6,9.9,5.0,TE,4.9,Jonnu Smith,nfl.p.30213,Jonnu,Smith,TE,ATL,WAS,WAS@ATL,1:00PM EDT,13,8.3,Q, ,Jonnu Smith,0.43076923076923074,"('Jonnu Smith', 0.43076923076923074, 13, 5.6, 4.9, 9.9, 5.0)"
21,Gerald Everett,LAC,5.6,10.0,4.9,TE,5.1,Gerald Everett,nfl.p.30157,Gerald,Everett,TE,LAC,DAL,DAL@LAC,8:15PM EDT,12,4.4, , ,Gerald Everett,0.4666666666666666,"('Gerald Everett', 0.4666666666666666, 12, 5.6, 5.1, 10.0, 4.9)"
22,Noah Fant,SEA,5.1,7.1,4.6,TE,2.5,Noah Fant,nfl.p.31852,Noah,Fant,TE,SEA,CIN,SEA@CIN,1:00PM EDT,13,7.0, , ,Noah Fant,0.3923076923076923,"('Noah Fant', 0.3923076923076923, 13, 5.1, 2.5, 7.1, 4.6)"
23,Cade Otton,TB,5.1,8.4,4.6,TE,3.8000000000000007,Cade Otton,nfl.p.34062,Cade,Otton,TE,TB,DET,DET@TB,4:25PM EDT,13,5.2, , ,Cade Otton,0.3923076923076923,"('Cade Otton', 0.3923076923076923, 13, 5.1, 3.8000000000000007, 8.4, 4.6)"
114,Patrick Mahomes II,KC,23.6,26.8,21.7,QB,5.100000000000001,Patrick Mahomes,nfl.p.30123,Patrick,Mahomes,QB,KC,DEN,DEN@KC,8:15PM EDT,39,20.6, , ,Patrick Mahomes,0.6051282051282052,"('Patrick Mahomes II', 0.6051282051282052, 39, 23.6, 5.100000000000001, 26.8, 21.7)"
115,Josh Allen,BUF,22.9,26.5,22.2,QB,4.300000000000001,Josh Allen,nfl.p.30977,Josh,Allen,QB,BUF,NYG,NYG@BUF,8:20PM EDT,40,24.7, , ,Josh Allen,0.5725,"('Josh Allen', 0.5725, 40, 22.9, 4.300000000000001, 26.5, 22.2)"
116,Jalen Hurts,PHI,21.7,26.0,19.3,QB,6.699999999999999,Jalen Hurts,nfl.p.32723,Jalen,Hurts,QB,PHI,NYJ,PHI@NYJ,4:25PM EDT,34,22.6, , ,Jalen Hurts,0.638235294117647,"('Jalen Hurts', 0.638235294117647, 34, 21.7, 6.699999999999999, 26.0, 19.3)"
117,Lamar Jackson,BAL,20.9,24.8,19.7,QB,5.100000000000001,Lamar Jackson,nfl.p.31002,Lamar,Jackson,QB,BAL,TEN,BAL@TEN,9:30AM EDT,34,19.5, , ,Lamar Jackson,0.6147058823529411,"('Lamar Jackson', 0.6147058823529411, 34, 20.9, 5.100000000000001, 24.8, 19.7)"
118,Tua Tagovailoa,MIA,20.0,23.6,18.5,QB,5.100000000000001,Tua Tagovailoa,nfl.p.32675,Tua,Tagovailoa,QB,MIA,CAR,CAR@MIA,1:00PM EDT,32,20.7, , ,Tua Tagovailoa,0.625,"('Tua Tagovailoa', 0.625, 32, 20.0, 5.100000000000001, 23.6, 18.5)"
119,Justin Fields,CHI,20.0,20.2,18.4,QB,1.8000000000000007,Justin Fields,nfl.p.33399,Justin,Fields,QB,CHI,MIN,MIN@CHI,1:00PM EDT,34,21.2, , ,Justin Fields,0.5882352941176471,"('Justin Fields', 0.5882352941176471, 34, 20.0, 1.8000000000000007, 20.2, 18.4)"
120,Justin Herbert,LAC,19.7,19.7,18.6,QB,1.099999999999998,Justin Herbert,nfl.p.32676,Justin,Herbert,QB,LAC,DAL,DAL@LAC,8:15PM EDT,32,24.2,Q, ,Justin Herbert,0.615625,"('Justin Herbert', 0.615625, 32, 19.7, 1.099999999999998, 19.7, 18.6)"
121,Trevor Lawrence,JAC,18.8,22.8,17.5,QB,5.300000000000001,Trevor Lawrence,nfl.p.33389,Trevor,Lawrence,QB,JAC,IND,IND@JAC,1:00PM EDT,26,15.1, , ,Trevor Lawrence,0.7230769230769231,"('Trevor Lawrence', 0.7230769230769231, 26, 18.8, 5.300000000000001, 22.8, 17.5)"
122,Joe Burrow,CIN,18.5,20.3,17.8,QB,2.5,Joe Burrow,nfl.p.32671,Joe,Burrow,QB,CIN,SEA,SEA@CIN,1:00PM EDT,27,11.6, , ,Joe Burrow,0.6851851851851852,"('Joe Burrow', 0.6851851851851852, 27, 18.5, 2.5, 20.3, 17.8)"
123,Kirk Cousins,MIN,18.4,21.1,17.4,QB,3.700000000000003,Kirk Cousins,nfl.p.25812,Kirk,Cousins,QB,MIN,CHI,MIN@CHI,1:00PM EDT,35,20.8, , ,Kirk Cousins,0.5257142857142857,"('Kirk Cousins', 0.5257142857142857, 35, 18.4, 3.700000000000003, 21.1, 17.4)"
124,Matthew Stafford,LAR,18.2,20.4,16.9,QB,3.5,Matthew Stafford,nfl.p.9265,Matthew,Stafford,QB,LA,ARI,ARI@LA,4:25PM EDT,30,15.6, , ,Matthew Stafford,0.6066666666666667,"('Matthew Stafford', 0.6066666666666667, 30, 18.2, 3.5, 20.4, 16.9)"
125,Dak Prescott,DAL,17.7,19.2,16.2,QB,3.0,Dak Prescott,nfl.p.29369,Dak,Prescott,QB,DAL,LAC,DAL@LAC,8:15PM EDT,27,12.6, , ,Dak Prescott,0.6555555555555556,"('Dak Prescott', 0.6555555555555556, 27, 17.7, 3.0, 19.2, 16.2)"
126,Russell Wilson,DEN,17.0,20.1,16.1,QB,4.0,Russell Wilson,nfl.p.25785,Russell,Wilson,QB,DEN,KC,DEN@KC,8:15PM EDT,26,19.7, , ,Russell Wilson,0.6538461538461539,"('Russell Wilson', 0.6538461538461539, 26, 17.0, 4.0, 20.1, 16.1)"
127,Geno Smith,SEA,16.8,19.7,15.7,QB,4.0,Geno Smith,nfl.p.26662,Geno,Smith,QB,SEA,CIN,SEA@CIN,1:00PM EDT,24,14.3, , ,Geno Smith,0.7000000000000001,"('Geno Smith', 0.7000000000000001, 24, 16.8, 4.0, 19.7, 15.7)"
128,Sam Howell,WAS,16.3,20.8,14.0,QB,6.800000000000001,Sam Howell,nfl.p.34100,Sam,Howell,QB,WAS,ATL,WAS@ATL,1:00PM EDT,23,17.6, , ,Sam Howell,0.7086956521739131,"('Sam Howell', 0.7086956521739131, 23, 16.3, 6.800000000000001, 20.8, 14.0)"
129,Brock Purdy,SF,16.2,19.9,14.8,QB,5.099999999999998,Brock Purdy,nfl.p.34218,Brock,Purdy,QB,SF,CLE,SF@CLE,1:00PM EDT,26,19.8, , ,Brock Purdy,0.6230769230769231,"('Brock Purdy', 0.6230769230769231, 26, 16.2, 5.099999999999998, 19.9, 14.8)"
130,C.J. Stroud,HOU,16.2,18.7,15.2,QB,3.5,C.J. Stroud,nfl.p.40030,C.J.,Stroud,QB,HOU,NO,NO@HOU,1:00PM EDT,28,17.6, , ,C.J. Stroud,0.5785714285714285,"('C.J. Stroud', 0.5785714285714285, 28, 16.2, 3.5, 18.7, 15.2)"
131,Joshua Dobbs,ARI,16.0,18.8,14.0,QB,4.800000000000001,Joshua Dobbs,nfl.p.30248,Joshua,Dobbs,QB,ARI,LA,ARI@LA,4:25PM EDT,24,14.7, , ,Joshua Dobbs,0.6666666666666666,"('Joshua Dobbs', 0.6666666666666666, 24, 16.0, 4.800000000000001, 18.8, 14.0)"
132,Jared Goff,DET,16.0,19.1,14.0,QB,5.100000000000001,Jared Goff,nfl.p.29235,Jared,Goff,QB,DET,TB,DET@TB,4:25PM EDT,26,19.4, , ,Jared Goff,0.6153846153846154,"('Jared Goff', 0.6153846153846154, 26, 16.0, 5.100000000000001, 19.1, 14.0)"
133,Baker Mayfield,TB,15.9,18.1,14.4,QB,3.700000000000001,Baker Mayfield,nfl.p.30971,Baker,Mayfield,QB,TB,DET,DET@TB,4:25PM EDT,26,17.3, , ,Baker Mayfield,0.6115384615384616,"('Baker Mayfield', 0.6115384615384616, 26, 15.9, 3.700000000000001, 18.1, 14.4)"
134,Jimmy Garoppolo,LV,15.8,18.2,12.8,QB,5.399999999999999,Jimmy Garoppolo,nfl.p.27590,Jimmy,Garoppolo,QB,LV,NE,NE@LV,4:05PM EDT,21,14.5, , ,Jimmy Garoppolo,0.7523809523809524,"('Jimmy Garoppolo', 0.7523809523809524, 21, 15.8, 5.399999999999999, 18.2, 12.8)"
135,Gardner Minshew II,IND,14.8,17.6,13.9,QB,3.700000000000001,Gardner Minshew,nfl.p.32010,Gardner,Minshew,QB,IND,JAC,IND@JAC,1:00PM EDT,23,7.6, , ,Gardner Minshew,0.6434782608695653,"('Gardner Minshew II', 0.6434782608695653, 23, 14.8, 3.700000000000001, 17.6, 13.9)"
136,Deshaun Watson,CLE,14.8,19.9,7.3,QB,12.599999999999998,Deshaun Watson,nfl.p.30125,Deshaun,Watson,QB,CLE,SF,SF@CLE,1:00PM EDT,25,18.5,Q, ,Deshaun Watson,0.5920000000000001,"('Deshaun Watson', 0.5920000000000001, 25, 14.8, 12.599999999999998, 19.9, 7.3)"
137,Bryce Young,CAR,14.6,18.2,13.3,QB,4.899999999999999,Bryce Young,nfl.p.40029,Bryce,Young,QB,CAR,MIA,CAR@MIA,1:00PM EDT,22,12.6, , ,Bryce Young,0.6636363636363636,"('Bryce Young', 0.6636363636363636, 22, 14.6, 4.899999999999999, 18.2, 13.3)"
138,Derek Carr,NO,14.3,16.6,13.8,QB,2.8000000000000007,Derek Carr,nfl.p.27564,Derek,Carr,QB,NO,HOU,NO@HOU,1:00PM EDT,21,10.1, , ,Derek Carr,0.680952380952381,"('Derek Carr', 0.680952380952381, 21, 14.3, 2.8000000000000007, 16.6, 13.8)"
139,Desmond Ridder,ATL,14.3,16.3,13.6,QB,2.700000000000001,Desmond Ridder,nfl.p.34030,Desmond,Ridder,QB,ATL,WAS,WAS@ATL,1:00PM EDT,22,14.3, , ,Desmond Ridder,0.65,"('Desmond Ridder', 0.65, 22, 14.3, 2.700000000000001, 16.3, 13.6)"
140,Ryan Tannehill,TEN,14.0,17.4,13.3,QB,4.099999999999998,Ryan Tannehill,nfl.p.25718,Ryan,Tannehill,QB,TEN,BAL,BAL@TEN,9:30AM EDT,20,11.0, , ,Ryan Tannehill,0.7,"('Ryan Tannehill', 0.7, 20, 14.0, 4.099999999999998, 17.4, 13.3)"
141,Daniel Jones,NYG,13.9,20.4,6.9,QB,13.499999999999998,Daniel Jones,nfl.p.31838,Daniel,Jones,QB,NYG,BUF,NYG@BUF,8:20PM EDT,20,12.2,Q, ,Daniel Jones,0.6950000000000001,"('Daniel Jones', 0.6950000000000001, 20, 13.9, 13.499999999999998, 20.4, 6.9)"
142,Zach Wilson,NYJ,13.7,13.8,11.7,QB,2.1000000000000014,Zach Wilson,nfl.p.33390,Zach,Wilson,QB,NYJ,PHI,PHI@NYJ,4:25PM EDT,21,11.1, , ,Zach Wilson,0.6523809523809524,"('Zach Wilson', 0.6523809523809524, 21, 13.7, 2.1000000000000014, 13.8, 11.7)"
143,Mac Jones,NE,13.5,15.1,12.8,QB,2.299999999999999,Mac Jones,nfl.p.33403,Mac,Jones,QB,NE,LV,NE@LV,4:05PM EDT,21,11.3, , ,Mac Jones,0.6428571428571429,"('Mac Jones', 0.6428571428571429, 21, 13.5, 2.299999999999999, 15.1, 12.8)"
187,Christian McCaffrey,SF,18.7,25.0,18.8,RB,6.199999999999999,Christian McCaffrey,nfl.p.30121,Christian,McCaffrey,RB,SF,CLE,SF@CLE,1:00PM EDT,38,24.8, , ,Christian McCaffrey,0.4921052631578947,"('Christian McCaffrey', 0.4921052631578947, 38, 18.7, 6.199999999999999, 25.0, 18.8)"
188,Alvin Kamara,NO,15.7,20.4,15.5,RB,4.899999999999999,Alvin Kamara,nfl.p.30180,Alvin,Kamara,RB,NO,HOU,NO@HOU,1:00PM EDT,22,16.0, , ,Alvin Kamara,0.7136363636363636,"('Alvin Kamara', 0.7136363636363636, 22, 15.7, 4.899999999999999, 20.4, 15.5)"
189,Austin Ekeler,LAC,15.7,21.2,14.5,RB,6.699999999999999,Austin Ekeler,nfl.p.30423,Austin,Ekeler,RB,LAC,DAL,DAL@LAC,8:15PM EDT,29,24.4,Q, ,Austin Ekeler,0.5413793103448276,"('Austin Ekeler', 0.5413793103448276, 29, 15.7, 6.699999999999999, 21.2, 14.5)"
190,Tony Pollard,DAL,15.6,20.2,14.9,RB,5.299999999999999,Tony Pollard,nfl.p.31960,Tony,Pollard,RB,DAL,LAC,DAL@LAC,8:15PM EDT,26,13.0,Q, ,Tony Pollard,0.6,"('Tony Pollard', 0.6, 26, 15.6, 5.299999999999999, 20.2, 14.9)"
191,Josh Jacobs,LV,15.2,19.9,15.3,RB,4.599999999999998,Josh Jacobs,nfl.p.31856,Josh,Jacobs,RB,LV,NE,NE@LV,4:05PM EDT,23,13.3, , ,Josh Jacobs,0.6608695652173913,"('Josh Jacobs', 0.6608695652173913, 23, 15.2, 4.599999999999998, 19.9, 15.3)"
192,Kyren Williams,LAR,15.2,20.1,14.3,RB,5.800000000000001,Kyren Williams,nfl.p.34120,Kyren,Williams,RB,LA,ARI,ARI@LA,4:25PM EDT,28,16.6, , ,Kyren Williams,0.5428571428571428,"('Kyren Williams', 0.5428571428571428, 28, 15.2, 5.800000000000001, 20.1, 14.3)"
193,Raheem Mostert,MIA,15.0,17.9,15.4,RB,2.4999999999999982,Raheem Mostert,nfl.p.28654,Raheem,Mostert,RB,MIA,CAR,CAR@MIA,1:00PM EDT,27,19.5, , ,Raheem Mostert,0.5555555555555556,"('Raheem Mostert', 0.5555555555555556, 27, 15.0, 2.4999999999999982, 17.9, 15.4)"
194,Bijan Robinson,ATL,14.8,19.5,14.9,RB,4.6,Bijan Robinson,nfl.p.40055,Bijan,Robinson,RB,ATL,WAS,WAS@ATL,1:00PM EDT,28,14.3, , ,Bijan Robinson,0.5285714285714286,"('Bijan Robinson', 0.5285714285714286, 28, 14.8, 4.6, 19.5, 14.9)"
195,Isiah Pacheco,KC,14.8,18.7,14.1,RB,4.6,Isiah Pacheco,nfl.p.34207,Isiah,Pacheco,RB,KC,DEN,DEN@KC,8:15PM EDT,24,13.2, , ,Isiah Pacheco,0.6166666666666667,"('Isiah Pacheco', 0.6166666666666667, 24, 14.8, 4.6, 18.7, 14.1)"
196,Travis Etienne Jr.,JAC,14.7,18.6,14.8,RB,3.8000000000000007,Travis Etienne Jr.,nfl.p.33413,Travis,Etienne Jr.,RB,JAC,IND,IND@JAC,1:00PM EDT,24,16.6, , ,Travis Etienne Jr.,0.6124999999999999,"('Travis Etienne Jr.', 0.6124999999999999, 24, 14.7, 3.8000000000000007, 18.6, 14.8)"
197,David Montgomery,DET,14.6,16.6,14.4,RB,2.200000000000001,David Montgomery,nfl.p.31905,David,Montgomery,RB,DET,TB,DET@TB,4:25PM EDT,28,19.6, , ,David Montgomery,0.5214285714285715,"('David Montgomery', 0.5214285714285715, 28, 14.6, 2.200000000000001, 16.6, 14.4)"
198,D'Andre Swift,PHI,14.3,18.3,13.0,RB,5.300000000000001,D'Andre Swift,nfl.p.32705,D'Andre,Swift,RB,PHI,NYJ,PHI@NYJ,4:25PM EDT,25,14.1, , ,D'Andre Swift,0.5720000000000001,"(""D'Andre Swift"", 0.5720000000000001, 25, 14.3, 5.300000000000001, 18.3, 13.0)"
199,Kenneth Walker III,SEA,13.6,17.7,12.6,RB,5.1,Kenneth Walker III,nfl.p.33996,Kenneth,Walker III,RB,SEA,CIN,SEA@CIN,1:00PM EDT,27,17.4, , ,Kenneth Walker III,0.5037037037037037,"('Kenneth Walker III', 0.5037037037037037, 27, 13.6, 5.1, 17.7, 12.6)"
200,Joe Mixon,CIN,13.5,18.4,12.6,RB,5.799999999999999,Joe Mixon,nfl.p.30161,Joe,Mixon,RB,CIN,SEA,SEA@CIN,1:00PM EDT,18,10.7, , ,Joe Mixon,0.75,"('Joe Mixon', 0.75, 18, 13.5, 5.799999999999999, 18.4, 12.6)"
201,Saquon Barkley,NYG,13.4,17.5,13.8,RB,3.6999999999999993,Saquon Barkley,nfl.p.30972,Saquon,Barkley,RB,NYG,BUF,NYG@BUF,8:20PM EDT,27,16.0,Q, ,Saquon Barkley,0.4962962962962963,"('Saquon Barkley', 0.4962962962962963, 27, 13.4, 3.6999999999999993, 17.5, 13.8)"
202,Derrick Henry,TEN,13.3,15.3,13.7,RB,1.6000000000000014,Derrick Henry,nfl.p.29279,Derrick,Henry,RB,TEN,BAL,BAL@TEN,9:30AM EDT,30,12.7, , ,Derrick Henry,0.44333333333333336,"('Derrick Henry', 0.44333333333333336, 30, 13.3, 1.6000000000000014, 15.3, 13.7)"
203,Breece Hall,NYJ,12.7,14.5,12.9,RB,1.5999999999999996,Breece Hall,nfl.p.33991,Breece,Hall,RB,NYJ,PHI,PHI@NYJ,4:25PM EDT,19,10.9, , ,Breece Hall,0.6684210526315789,"('Breece Hall', 0.6684210526315789, 19, 12.7, 1.5999999999999996, 14.5, 12.9)"
204,James Cook,BUF,12.2,15.8,10.7,RB,5.100000000000001,James Cook,nfl.p.34019,James,Cook,RB,BUF,NYG,NYG@BUF,8:20PM EDT,20,11.2, , ,James Cook,0.61,"('James Cook', 0.61, 20, 12.2, 5.100000000000001, 15.8, 10.7)"
205,Alexander Mattison,MIN,12.0,15.7,11.5,RB,4.199999999999999,Alexander Mattison,nfl.p.31934,Alexander,Mattison,RB,MIN,CHI,MIN@CHI,1:00PM EDT,19,10.4, , ,Alexander Mattison,0.631578947368421,"('Alexander Mattison', 0.631578947368421, 19, 12.0, 4.199999999999999, 15.7, 11.5)"
206,Rachaad White,TB,11.8,15.2,12.2,RB,3.0,Rachaad White,nfl.p.34047,Rachaad,White,RB,TB,DET,DET@TB,4:25PM EDT,15,9.9, , ,Rachaad White,0.7866666666666667,"('Rachaad White', 0.7866666666666667, 15, 11.8, 3.0, 15.2, 12.2)"
207,Dameon Pierce,HOU,11.4,13.6,11.1,RB,2.5,Dameon Pierce,nfl.p.34063,Dameon,Pierce,RB,HOU,NO,NO@HOU,1:00PM EDT,17,8.7, , ,Dameon Pierce,0.6705882352941177,"('Dameon Pierce', 0.6705882352941177, 17, 11.4, 2.5, 13.6, 11.1)"
208,Brian Robinson Jr.,WAS,11.1,13.2,11.1,RB,2.1,Brian Robinson,nfl.p.34054,Brian,Robinson,RB,WAS,ATL,WAS@ATL,1:00PM EDT,19,13.3, , ,Brian Robinson,0.5842105263157894,"('Brian Robinson Jr.', 0.5842105263157894, 19, 11.1, 2.1, 13.2, 11.1)"
209,Rhamondre Stevenson,NE,10.8,13.5,10.4,RB,3.1,Rhamondre Stevenson,nfl.p.33508,Rhamondre,Stevenson,RB,NE,LV,NE@LV,4:05PM EDT,16,7.9, , ,Rhamondre Stevenson,0.675,"('Rhamondre Stevenson', 0.675, 16, 10.8, 3.1, 13.5, 10.4)"
210,Zack Moss,IND,10.7,15.1,7.5,RB,7.6,Zack Moss,nfl.p.32756,Zack,Moss,RB,IND,JAC,IND@JAC,1:00PM EDT,25,20.4, , ,Zack Moss,0.428,"('Zack Moss', 0.428, 25, 10.7, 7.6, 15.1, 7.5)"
211,Jerome Ford,CLE,9.8,13.5,9.0,RB,4.5,Jerome Ford,nfl.p.34112,Jerome,Ford,RB,CLE,SF,SF@CLE,1:00PM EDT,16,12.3,Q, ,Jerome Ford,0.6125,"('Jerome Ford', 0.6125, 16, 9.8, 4.5, 13.5, 9.0)"
212,Javonte Williams,DEN,8.9,12.6,8.3,RB,4.299999999999999,Javonte Williams,nfl.p.33423,Javonte,Williams,RB,DEN,KC,DEN@KC,8:15PM EDT,14,6.1, , ,Javonte Williams,0.6357142857142858,"('Javonte Williams', 0.6357142857142858, 14, 8.9, 4.299999999999999, 12.6, 8.3)"
213,Gus Edwards,BAL,8.7,10.5,7.8,RB,2.7,Gus Edwards,nfl.p.31424,Gus,Edwards,RB,BAL,TEN,BAL@TEN,9:30AM EDT,13,6.6, , ,Gus Edwards,0.6692307692307692,"('Gus Edwards', 0.6692307692307692, 13, 8.7, 2.7, 10.5, 7.8)"
214,Jonathan Taylor,IND,8.5,12.6,5.3,RB,7.3,Jonathan Taylor,nfl.p.32711,Jonathan,Taylor,RB,IND,JAC,IND@JAC,1:00PM EDT,21,3.9, , ,Jonathan Taylor,0.40476190476190477,"('Jonathan Taylor', 0.40476190476190477, 21, 8.5, 7.3, 12.6, 5.3)"
215,Jeff Wilson Jr.,MIA,8.1,10.7,7.1,RB,3.6,Jeff Wilson Jr.,nfl.p.31394,Jeff,Wilson Jr.,RB,MIA,CAR,CAR@MIA,1:00PM EDT,10,9.3,IR, ,Jeff Wilson Jr.,0.8099999999999999,"('Jeff Wilson Jr.', 0.8099999999999999, 10, 8.1, 3.6, 10.7, 7.1)"
216,Tyler Allgeier,ATL,8.0,10.5,7.7,RB,2.8,Tyler Allgeier,nfl.p.34107,Tyler,Allgeier,RB,ATL,WAS,WAS@ATL,1:00PM EDT,16,7.9, , ,Tyler Allgeier,0.5,"('Tyler Allgeier', 0.5, 16, 8.0, 2.8, 10.5, 7.7)"
217,Chuba Hubbard,CAR,7.9,11.5,7.4,RB,4.1,Chuba Hubbard,nfl.p.33514,Chuba,Hubbard,RB,CAR,MIA,CAR@MIA,1:00PM EDT,14,5.4, , ,Chuba Hubbard,0.5642857142857143,"('Chuba Hubbard', 0.5642857142857143, 14, 7.9, 4.1, 11.5, 7.4)"
218,D'Onta Foreman,CHI,7.7,12.6,5.7,RB,6.9,D'Onta Foreman,nfl.p.30202,D'Onta,Foreman,RB,CHI,MIN,MIN@CHI,1:00PM EDT,10,3.4, , ,D'Onta Foreman,0.77,"(""D'Onta Foreman"", 0.77, 10, 7.7, 6.9, 12.6, 5.7)"
219,Miles Sanders,CAR,7.6,11.7,5.1,RB,6.6,Miles Sanders,nfl.p.31885,Miles,Sanders,RB,CAR,MIA,CAR@MIA,1:00PM EDT,15,7.3,Q, ,Miles Sanders,0.5066666666666666,"('Miles Sanders', 0.5066666666666666, 15, 7.6, 6.6, 11.7, 5.1)"
220,Emari Demercado,ARI,7.5,11.1,4.5,RB,6.6,Emari Demercado,nfl.p.40430,Emari,Demercado,RB,ARI,LA,ARI@LA,4:25PM EDT,13,4.4, , ,Emari Demercado,0.5769230769230769,"('Emari Demercado', 0.5769230769230769, 13, 7.5, 6.6, 11.1, 4.5)"
221,Tyjae Spears,TEN,7.2,10.7,7.1,RB,3.6,Tyjae Spears,nfl.p.40119,Tyjae,Spears,RB,TEN,BAL,BAL@TEN,9:30AM EDT,14,7.0, , ,Tyjae Spears,0.5142857142857143,"('Tyjae Spears', 0.5142857142857143, 14, 7.2, 3.6, 10.7, 7.1)"
222,Jahmyr Gibbs,DET,6.9,12.9,4.6,RB,8.3,Jahmyr Gibbs,nfl.p.40059,Jahmyr,Gibbs,RB,DET,TB,DET@TB,4:25PM EDT,19,8.0,Q, ,Jahmyr Gibbs,0.3631578947368421,"('Jahmyr Gibbs', 0.3631578947368421, 19, 6.9, 8.3, 12.9, 4.6)"
223,Keaontay Ingram,ARI,6.8,10.5,5.1,RB,5.4,Keaontay Ingram,nfl.p.34157,Keaontay,Ingram,RB,ARI,LA,ARI@LA,4:25PM EDT,10,0.9,Q, ,Keaontay Ingram,0.6799999999999999,"('Keaontay Ingram', 0.6799999999999999, 10, 6.8, 5.4, 10.5, 5.1)"
224,Ezekiel Elliott,NE,6.7,9.0,4.7,RB,4.3,Ezekiel Elliott,nfl.p.29238,Ezekiel,Elliott,RB,NE,LV,NE@LV,4:05PM EDT,11,4.9, , ,Ezekiel Elliott,0.6090909090909091,"('Ezekiel Elliott', 0.6090909090909091, 11, 6.7, 4.3, 9.0, 4.7)"
225,Roschon Johnson,CHI,6.2,11.7,4.0,RB,7.699999999999999,Roschon Johnson,nfl.p.40162,Roschon,Johnson,RB,CHI,MIN,MIN@CHI,1:00PM EDT,12,5.9,Q, ,Roschon Johnson,0.5166666666666667,"('Roschon Johnson', 0.5166666666666667, 12, 6.2, 7.699999999999999, 11.7, 4.0)"
226,Jaleel McLaughlin,DEN,5.9,8.5,4.9,RB,3.6,Jaleel McLaughlin,nfl.p.40696,Jaleel,McLaughlin,RB,DEN,KC,DEN@KC,8:15PM EDT,16,8.4, , ,Jaleel McLaughlin,0.36875,"('Jaleel McLaughlin', 0.36875, 16, 5.9, 3.6, 8.5, 4.9)"
227,Cam Akers,MIN,5.8,8.6,4.6,RB,4.0,Cam Akers,nfl.p.32722,Cam,Akers,RB,MIN,CHI,MIN@CHI,1:00PM EDT,16,5.9, , ,Cam Akers,0.3625,"('Cam Akers', 0.3625, 16, 5.8, 4.0, 8.6, 4.6)"
228,Justice Hill,BAL,5.8,9.7,5.1,RB,4.6,Justice Hill,nfl.p.31945,Justice,Hill,RB,BAL,TEN,BAL@TEN,9:30AM EDT,11,8.4, , ,Justice Hill,0.5272727272727272,"('Justice Hill', 0.5272727272727272, 11, 5.8, 4.6, 9.7, 5.1)"
229,Kenneth Gainwell,PHI,5.7,7.6,5.0,RB,2.6,Kenneth Gainwell,nfl.p.33538,Kenneth,Gainwell,RB,PHI,NYJ,PHI@NYJ,4:25PM EDT,13,5.7, , ,Kenneth Gainwell,0.43846153846153846,"('Kenneth Gainwell', 0.43846153846153846, 13, 5.7, 2.6, 7.6, 5.0)"
230,Samaje Perine,DEN,5.6,8.2,5.2,RB,2.999999999999999,Samaje Perine,nfl.p.30227,Samaje,Perine,RB,DEN,KC,DEN@KC,8:15PM EDT,12,6.2, , ,Samaje Perine,0.4666666666666666,"('Samaje Perine', 0.4666666666666666, 12, 5.6, 2.999999999999999, 8.2, 5.2)"
231,Antonio Gibson,WAS,5.5,8.8,5.2,RB,3.6000000000000005,Antonio Gibson,nfl.p.32736,Antonio,Gibson,RB,WAS,ATL,WAS@ATL,1:00PM EDT,10,4.1, , ,Antonio Gibson,0.55,"('Antonio Gibson', 0.55, 10, 5.5, 3.6000000000000005, 8.8, 5.2)"
232,Jerick McKinnon,KC,5.2,6.1,4.4,RB,1.6999999999999993,Jerick McKinnon,nfl.p.27624,Jerick,McKinnon,RB,KC,DEN,DEN@KC,8:15PM EDT,16,5.1, , ,Jerick McKinnon,0.325,"('Jerick McKinnon', 0.325, 16, 5.2, 1.6999999999999993, 6.1, 4.4)"
233,Kendre Miller,NO,5.1,7.0,4.8,RB,2.2,Kendre Miller,nfl.p.40108,Kendre,Miller,RB,NO,HOU,NO@HOU,1:00PM EDT,12,5.4, , ,Kendre Miller,0.425,"('Kendre Miller', 0.425, 12, 5.1, 2.2, 7.0, 4.8)"
234,Zach Charbonnet,SEA,5.1,7.3,4.2,RB,3.1,Zach Charbonnet,nfl.p.40075,Zach,Charbonnet,RB,SEA,CIN,SEA@CIN,1:00PM EDT,12,3.6, , ,Zach Charbonnet,0.425,"('Zach Charbonnet', 0.425, 12, 5.1, 3.1, 7.3, 4.2)"
306,Tyreek Hill,MIA,18.1,25.2,17.9,WR,7.300000000000001,Tyreek Hill,nfl.p.29399,Tyreek,Hill,WR,MIA,CAR,CAR@MIA,1:00PM EDT,36,22.9, , ,Tyreek Hill,0.5027777777777778,"('Tyreek Hill', 0.5027777777777778, 36, 18.1, 7.300000000000001, 25.2, 17.9)"
307,Ja'Marr Chase,CIN,16.9,25.4,16.0,WR,9.4,Ja'Marr Chase,nfl.p.33393,Ja'Marr,Chase,WR,CIN,SEA,SEA@CIN,1:00PM EDT,31,17.6, , ,Ja'Marr Chase,0.5451612903225806,"(""Ja'Marr Chase"", 0.5451612903225806, 31, 16.9, 9.4, 25.4, 16.0)"
308,Cooper Kupp,LAR,16.7,25.0,15.8,WR,9.2,Cooper Kupp,nfl.p.30182,Cooper,Kupp,WR,LA,ARI,ARI@LA,4:25PM EDT,28,15.8, , ,Cooper Kupp,0.5964285714285714,"('Cooper Kupp', 0.5964285714285714, 28, 16.7, 9.2, 25.0, 15.8)"
309,Stefon Diggs,BUF,15.6,22.4,15.7,WR,6.699999999999999,Stefon Diggs,nfl.p.28534,Stefon,Diggs,WR,BUF,NYG,NYG@BUF,8:20PM EDT,32,19.9, , ,Stefon Diggs,0.4875,"('Stefon Diggs', 0.4875, 32, 15.6, 6.699999999999999, 22.4, 15.7)"
310,Davante Adams,LV,15.2,22.9,14.5,WR,8.399999999999999,Davante Adams,nfl.p.27581,Davante,Adams,WR,LV,NE,NE@LV,4:05PM EDT,30,16.1,Q, ,Davante Adams,0.5066666666666666,"('Davante Adams', 0.5066666666666666, 30, 15.2, 8.399999999999999, 22.9, 14.5)"
311,Keenan Allen,LAC,14.5,21.1,13.5,WR,7.600000000000001,Keenan Allen,nfl.p.26699,Keenan,Allen,WR,LAC,DAL,DAL@LAC,8:15PM EDT,30,21.4, , ,Keenan Allen,0.48333333333333334,"('Keenan Allen', 0.48333333333333334, 30, 14.5, 7.600000000000001, 21.1, 13.5)"
314,Puka Nacua,LAR,13.9,23.5,12.8,WR,10.7,Puka Nacua,nfl.p.40168,Puka,Nacua,WR,LA,ARI,ARI@LA,4:25PM EDT,28,18.5, , ,Puka Nacua,0.49642857142857144,"('Puka Nacua', 0.49642857142857144, 28, 13.9, 10.7, 23.5, 12.8)"
315,A.J. Brown,PHI,13.8,19.1,13.0,WR,6.100000000000001,A.J. Brown,nfl.p.31883,A.J.,Brown,WR,PHI,NYJ,PHI@NYJ,4:25PM EDT,27,16.7, , ,A.J. Brown,0.5111111111111112,"('A.J. Brown', 0.5111111111111112, 27, 13.8, 6.100000000000001, 19.1, 13.0)"
316,CeeDee Lamb,DAL,13.1,18.5,13.7,WR,4.800000000000001,CeeDee Lamb,nfl.p.32687,CeeDee,Lamb,WR,DAL,LAC,DAL@LAC,8:15PM EDT,30,11.5, , ,CeeDee Lamb,0.43666666666666665,"('CeeDee Lamb', 0.43666666666666665, 30, 13.1, 4.800000000000001, 18.5, 13.7)"
317,DJ Moore,CHI,13.0,19.7,11.7,WR,8.0,DJ Moore,nfl.p.30994,DJ,Moore,WR,CHI,MIN,MIN@CHI,1:00PM EDT,24,19.3, , ,DJ Moore,0.5416666666666666,"('DJ Moore', 0.5416666666666666, 24, 13.0, 8.0, 19.7, 11.7)"
318,Calvin Ridley,JAC,12.2,17.3,12.2,WR,5.100000000000001,Calvin Ridley,nfl.p.30996,Calvin,Ridley,WR,JAC,IND,IND@JAC,1:00PM EDT,17,11.5, , ,Calvin Ridley,0.7176470588235294,"('Calvin Ridley', 0.7176470588235294, 17, 12.2, 5.100000000000001, 17.3, 12.2)"
319,Adam Thielen,CAR,12.1,19.0,11.2,WR,7.800000000000001,Adam Thielen,nfl.p.27277,Adam,Thielen,WR,CAR,MIA,CAR@MIA,1:00PM EDT,19,15.8, , ,Adam Thielen,0.6368421052631579,"('Adam Thielen', 0.6368421052631579, 19, 12.1, 7.800000000000001, 19.0, 11.2)"
320,Christian Kirk,JAC,12.0,18.9,11.2,WR,7.699999999999999,Christian Kirk,nfl.p.31017,Christian,Kirk,WR,JAC,IND,IND@JAC,1:00PM EDT,19,11.0, , ,Christian Kirk,0.631578947368421,"('Christian Kirk', 0.631578947368421, 19, 12.0, 7.699999999999999, 18.9, 11.2)"
321,DeAndre Hopkins,TEN,12.0,17.6,12.0,WR,5.600000000000001,DeAndre Hopkins,nfl.p.26650,DeAndre,Hopkins,WR,TEN,BAL,BAL@TEN,9:30AM EDT,16,9.7, , ,DeAndre Hopkins,0.75,"('DeAndre Hopkins', 0.75, 16, 12.0, 5.600000000000001, 17.6, 12.0)"
322,DK Metcalf,SEA,11.9,17.4,11.7,WR,5.699999999999999,DK Metcalf,nfl.p.31896,DK,Metcalf,WR,SEA,CIN,SEA@CIN,1:00PM EDT,19,12.0,Q, ,DK Metcalf,0.6263157894736843,"('DK Metcalf', 0.6263157894736843, 19, 11.9, 5.699999999999999, 17.4, 11.7)"
323,Brandon Aiyuk,SF,11.7,17.3,10.5,WR,6.800000000000001,Brandon Aiyuk,nfl.p.32695,Brandon,Aiyuk,WR,SF,CLE,SF@CLE,1:00PM EDT,19,15.1, , ,Brandon Aiyuk,0.6157894736842104,"('Brandon Aiyuk', 0.6157894736842104, 19, 11.7, 6.800000000000001, 17.3, 10.5)"
324,Jaylen Waddle,MIA,11.7,17.2,11.7,WR,5.5,Jaylen Waddle,nfl.p.33394,Jaylen,Waddle,WR,MIA,CAR,CAR@MIA,1:00PM EDT,19,9.7, , ,Jaylen Waddle,0.6157894736842104,"('Jaylen Waddle', 0.6157894736842104, 19, 11.7, 5.5, 17.2, 11.7)"
325,Deebo Samuel,SF,11.6,16.6,11.0,WR,5.600000000000001,Deebo Samuel,nfl.p.31868,Deebo,Samuel,WR,SF,CLE,SF@CLE,1:00PM EDT,18,12.1, , ,Deebo Samuel,0.6444444444444444,"('Deebo Samuel', 0.6444444444444444, 18, 11.6, 5.600000000000001, 16.6, 11.0)"
326,Nico Collins,HOU,11.6,17.3,11.0,WR,6.300000000000001,Nico Collins,nfl.p.33477,Nico,Collins,WR,HOU,NO,NO@HOU,1:00PM EDT,24,15.4, , ,Nico Collins,0.48333333333333334,"('Nico Collins', 0.48333333333333334, 24, 11.6, 6.300000000000001, 17.3, 11.0)"
327,Chris Godwin,TB,11.5,18.0,10.2,WR,7.800000000000001,Chris Godwin,nfl.p.30197,Chris,Godwin,WR,TB,DET,DET@TB,4:25PM EDT,16,9.5, , ,Chris Godwin,0.71875,"('Chris Godwin', 0.71875, 16, 11.5, 7.800000000000001, 18.0, 10.2)"
328,Jordan Addison,MIN,11.4,15.7,10.8,WR,4.899999999999999,Jordan Addison,nfl.p.40042,Jordan,Addison,WR,MIN,CHI,MIN@CHI,1:00PM EDT,20,10.5,Q, ,Jordan Addison,0.5700000000000001,"('Jordan Addison', 0.5700000000000001, 20, 11.4, 4.899999999999999, 15.7, 10.8)"
329,Marquise Brown,ARI,11.3,17.3,10.6,WR,6.700000000000001,Marquise Brown,nfl.p.31857,Marquise,Brown,WR,ARI,LA,ARI@LA,4:25PM EDT,16,12.7,Q, ,Marquise Brown,0.70625,"('Marquise Brown', 0.70625, 16, 11.3, 6.700000000000001, 17.3, 10.6)"
330,Jakobi Meyers,LV,11.3,16.7,10.9,WR,5.799999999999999,Jakobi Meyers,nfl.p.32231,Jakobi,Meyers,WR,LV,NE,NE@LV,4:05PM EDT,16,14.5, , ,Jakobi Meyers,0.70625,"('Jakobi Meyers', 0.70625, 16, 11.3, 5.799999999999999, 16.7, 10.9)"
331,Chris Olave,NO,11.3,16.8,10.9,WR,5.9,Chris Olave,nfl.p.33966,Chris,Olave,WR,NO,HOU,NO@HOU,1:00PM EDT,17,10.1, , ,Chris Olave,0.6647058823529413,"('Chris Olave', 0.6647058823529413, 17, 11.3, 5.9, 16.8, 10.9)"
332,Zay Flowers,BAL,11.2,16.3,11.5,WR,4.800000000000001,Zay Flowers,nfl.p.40039,Zay,Flowers,WR,BAL,TEN,BAL@TEN,9:30AM EDT,18,9.5, , ,Zay Flowers,0.6222222222222222,"('Zay Flowers', 0.6222222222222222, 18, 11.2, 4.800000000000001, 16.3, 11.5)"
333,Michael Pittman Jr.,IND,11.1,17.6,10.6,WR,7.000000000000002,Michael Pittman Jr.,nfl.p.32704,Michael,Pittman Jr.,WR,IND,JAC,IND@JAC,1:00PM EDT,19,10.6, , ,Michael Pittman Jr.,0.5842105263157894,"('Michael Pittman Jr.', 0.5842105263157894, 19, 11.1, 7.000000000000002, 17.6, 10.6)"
334,Amon-Ra St. Brown,DET,11.0,19.5,8.3,WR,11.2,Amon-Ra St. Brown,nfl.p.33500,Amon-Ra,St. Brown,WR,DET,TB,DET@TB,4:25PM EDT,26,14.1, , ,Amon-Ra St. Brown,0.4230769230769231,"('Amon-Ra St. Brown', 0.4230769230769231, 26, 11.0, 11.2, 19.5, 8.3)"
335,Garrett Wilson,NYJ,11.0,17.2,10.1,WR,7.1,Garrett Wilson,nfl.p.33965,Garrett,Wilson,WR,NYJ,PHI,PHI@NYJ,4:25PM EDT,21,10.4, , ,Garrett Wilson,0.5238095238095238,"('Garrett Wilson', 0.5238095238095238, 21, 11.0, 7.1, 17.2, 10.1)"
336,DeVonta Smith,PHI,10.8,16.3,10.1,WR,6.200000000000001,DeVonta Smith,nfl.p.33398,DeVonta,Smith,WR,PHI,NYJ,PHI@NYJ,4:25PM EDT,19,10.5, , ,DeVonta Smith,0.5684210526315789,"('DeVonta Smith', 0.5684210526315789, 19, 10.8, 6.200000000000001, 16.3, 10.1)"
337,Amari Cooper,CLE,10.6,16.2,9.5,WR,6.699999999999999,Amari Cooper,nfl.p.28392,Amari,Cooper,WR,CLE,SF,SF@CLE,1:00PM EDT,19,10.2, , ,Amari Cooper,0.5578947368421052,"('Amari Cooper', 0.5578947368421052, 19, 10.6, 6.699999999999999, 16.2, 9.5)"
338,Tyler Lockett,SEA,10.6,16.3,10.5,WR,5.800000000000001,Tyler Lockett,nfl.p.28457,Tyler,Lockett,WR,SEA,CIN,SEA@CIN,1:00PM EDT,19,9.6, , ,Tyler Lockett,0.5578947368421052,"('Tyler Lockett', 0.5578947368421052, 19, 10.6, 5.800000000000001, 16.3, 10.5)"
339,Terry McLaurin,WAS,10.5,14.4,9.7,WR,4.700000000000001,Terry McLaurin,nfl.p.31908,Terry,McLaurin,WR,WAS,ATL,WAS@ATL,1:00PM EDT,17,10.1, , ,Terry McLaurin,0.6176470588235294,"('Terry McLaurin', 0.6176470588235294, 17, 10.5, 4.700000000000001, 14.4, 9.7)"
340,Mike Evans,TB,10.4,19.0,9.3,WR,9.7,Mike Evans,nfl.p.27535,Mike,Evans,WR,TB,DET,DET@TB,4:25PM EDT,24,15.4,Q, ,Mike Evans,0.43333333333333335,"('Mike Evans', 0.43333333333333335, 24, 10.4, 9.7, 19.0, 9.3)"
341,Jerry Jeudy,DEN,10.2,15.1,9.6,WR,5.5,Jerry Jeudy,nfl.p.32685,Jerry,Jeudy,WR,DEN,KC,DEN@KC,8:15PM EDT,13,7.3, , ,Jerry Jeudy,0.7846153846153846,"('Jerry Jeudy', 0.7846153846153846, 13, 10.2, 5.5, 15.1, 9.6)"
342,Gabe Davis,BUF,10.2,14.6,9.1,WR,5.5,Gabe Davis,nfl.p.32798,Gabe,Davis,WR,BUF,NYG,NYG@BUF,8:20PM EDT,18,13.0, , ,Gabe Davis,0.5666666666666667,"('Gabe Davis', 0.5666666666666667, 18, 10.2, 5.5, 14.6, 9.1)"
343,Michael Thomas,NO,9.6,15.7,8.8,WR,6.899999999999999,Michael Thomas,nfl.p.29281,Michael,Thomas,WR,NO,HOU,NO@HOU,1:00PM EDT,12,8.3, , ,Michael Thomas,0.7999999999999999,"('Michael Thomas', 0.7999999999999999, 12, 9.6, 6.899999999999999, 15.7, 8.8)"
344,K.J. Osborn,MIN,9.3,15.0,7.9,WR,7.1,K.J. Osborn,nfl.p.32846,K.J.,Osborn,WR,MIN,CHI,MIN@CHI,1:00PM EDT,15,7.0, , ,K.J. Osborn,0.62,"('K.J. Osborn', 0.62, 15, 9.3, 7.1, 15.0, 7.9)"
345,Courtland Sutton,DEN,9.2,14.6,8.2,WR,6.4,Courtland Sutton,nfl.p.31010,Courtland,Sutton,WR,DEN,KC,DEN@KC,8:15PM EDT,15,9.5, , ,Courtland Sutton,0.6133333333333333,"('Courtland Sutton', 0.6133333333333333, 15, 9.2, 6.4, 14.6, 8.2)"
346,Tee Higgins,CIN,9.0,15.9,6.0,WR,9.9,Tee Higgins,nfl.p.32703,Tee,Higgins,WR,CIN,SEA,SEA@CIN,1:00PM EDT,21,7.7,Q, ,Tee Higgins,0.42857142857142855,"('Tee Higgins', 0.42857142857142855, 21, 9.0, 9.9, 15.9, 6.0)"
347,Josh Downs,IND,8.6,13.8,7.9,WR,5.9,Josh Downs,nfl.p.40126,Josh,Downs,WR,IND,JAC,IND@JAC,1:00PM EDT,12,7.4, , ,Josh Downs,0.7166666666666667,"('Josh Downs', 0.7166666666666667, 12, 8.6, 5.9, 13.8, 7.9)"
348,Drake London,ATL,8.6,12.1,8.5,WR,3.6,Drake London,nfl.p.33963,Drake,London,WR,ATL,WAS,WAS@ATL,1:00PM EDT,14,8.4, , ,Drake London,0.6142857142857142,"('Drake London', 0.6142857142857142, 14, 8.6, 3.6, 12.1, 8.5)"
349,Joshua Palmer,LAC,8.5,13.6,8.0,WR,5.6,Joshua Palmer,nfl.p.33465,Joshua,Palmer,WR,LAC,DAL,DAL@LAC,8:15PM EDT,15,6.4, , ,Joshua Palmer,0.5666666666666667,"('Joshua Palmer', 0.5666666666666667, 15, 8.5, 5.6, 13.6, 8.0)"
350,Tutu Atwell,LAR,8.2,12.8,7.1,WR,5.700000000000001,Tutu Atwell,nfl.p.33445,Tutu,Atwell,WR,LA,ARI,ARI@LA,4:25PM EDT,12,10.9, , ,Tutu Atwell,0.6833333333333332,"('Tutu Atwell', 0.6833333333333332, 12, 8.2, 5.700000000000001, 12.8, 7.1)"
351,Tyler Boyd,CIN,8.1,12.0,7.3,WR,4.7,Tyler Boyd,nfl.p.29288,Tyler,Boyd,WR,CIN,SEA,SEA@CIN,1:00PM EDT,17,5.6, , ,Tyler Boyd,0.4764705882352941,"('Tyler Boyd', 0.4764705882352941, 17, 8.1, 4.7, 12.0, 7.3)"
352,Brandin Cooks,DAL,7.9,11.0,9.1,WR,1.9000000000000004,Brandin Cooks,nfl.p.27548,Brandin,Cooks,WR,DAL,LAC,DAL@LAC,8:15PM EDT,15,3.1, , ,Brandin Cooks,0.5266666666666667,"('Brandin Cooks', 0.5266666666666667, 15, 7.9, 1.9000000000000004, 11.0, 9.1)"
353,Robert Woods,HOU,7.9,12.8,7.8,WR,5.000000000000001,Robert Woods,nfl.p.26664,Robert,Woods,WR,HOU,NO,NO@HOU,1:00PM EDT,14,6.5,Q, ,Robert Woods,0.5642857142857143,"('Robert Woods', 0.5642857142857143, 14, 7.9, 5.000000000000001, 12.8, 7.8)"
354,Josh Reynolds,DET,7.6,12.1,5.8,WR,6.3,Josh Reynolds,nfl.p.30230,Josh,Reynolds,WR,DET,TB,DET@TB,4:25PM EDT,15,13.8, , ,Josh Reynolds,0.5066666666666666,"('Josh Reynolds', 0.5066666666666666, 15, 7.6, 6.3, 12.1, 5.8)"
355,Kendrick Bourne,NE,7.6,11.7,6.6,WR,5.1,Kendrick Bourne,nfl.p.30551,Kendrick,Bourne,WR,NE,LV,NE@LV,4:05PM EDT,13,8.6, , ,Kendrick Bourne,0.5846153846153845,"('Kendrick Bourne', 0.5846153846153845, 13, 7.6, 5.1, 11.7, 6.6)"
356,Elijah Moore,CLE,7.5,13.2,6.4,WR,6.799999999999999,Elijah Moore,nfl.p.33422,Elijah,Moore,WR,CLE,SF,SF@CLE,1:00PM EDT,13,5.4, , ,Elijah Moore,0.5769230769230769,"('Elijah Moore', 0.5769230769230769, 13, 7.5, 6.799999999999999, 13.2, 6.4)"
357,Jahan Dotson,WAS,7.5,11.1,7.2,WR,3.9,Jahan Dotson,nfl.p.33971,Jahan,Dotson,WR,WAS,ATL,WAS@ATL,1:00PM EDT,14,5.7, , ,Jahan Dotson,0.5357142857142857,"('Jahan Dotson', 0.5357142857142857, 14, 7.5, 3.9, 11.1, 7.2)"
358,Jonathan Mingo,CAR,7.5,12.0,6.8,WR,5.2,Jonathan Mingo,nfl.p.40073,Jonathan,Mingo,WR,CAR,MIA,CAR@MIA,1:00PM EDT,11,4.4, , ,Jonathan Mingo,0.6818181818181818,"('Jonathan Mingo', 0.6818181818181818, 11, 7.5, 5.2, 12.0, 6.8)"
359,Michael Gallup,DAL,7.4,11.0,7.4,WR,3.6,Michael Gallup,nfl.p.31051,Michael,Gallup,WR,DAL,LAC,DAL@LAC,8:15PM EDT,18,5.1, , ,Michael Gallup,0.41111111111111115,"('Michael Gallup', 0.41111111111111115, 18, 7.4, 3.6, 11.0, 7.4)"
360,Rashee Rice,KC,7.3,11.4,7.0,WR,4.4,Rashee Rice,nfl.p.40084,Rashee,Rice,WR,KC,DEN,DEN@KC,8:15PM EDT,16,7.5, , ,Rashee Rice,0.45625,"('Rashee Rice', 0.45625, 16, 7.3, 4.4, 11.4, 7.0)"
361,DJ Chark Jr.,CAR,7.2,10.9,5.9,WR,5.0,DJ Chark Jr.,nfl.p.31031,DJ,Chark Jr.,WR,CAR,MIA,CAR@MIA,1:00PM EDT,14,8.5, , ,DJ Chark Jr.,0.5142857142857143,"('DJ Chark Jr.', 0.5142857142857143, 14, 7.2, 5.0, 10.9, 5.9)"
362,Curtis Samuel,WAS,7.2,11.1,6.4,WR,4.699999999999999,Curtis Samuel,nfl.p.30153,Curtis,Samuel,WR,WAS,ATL,WAS@ATL,1:00PM EDT,10,10.0, , ,Curtis Samuel,0.72,"('Curtis Samuel', 0.72, 10, 7.2, 4.699999999999999, 11.1, 6.4)"
363,Allen Lazard,NYJ,7.2,12.3,6.5,WR,5.800000000000001,Allen Lazard,nfl.p.31268,Allen,Lazard,WR,NYJ,PHI,PHI@NYJ,4:25PM EDT,14,6.5, , ,Allen Lazard,0.5142857142857143,"('Allen Lazard', 0.5142857142857143, 14, 7.2, 5.800000000000001, 12.3, 6.5)"
364,Wan'Dale Robinson,NYG,7.0,11.2,7.0,WR,4.199999999999999,Wan'Dale Robinson,nfl.p.33998,Wan'Dale,Robinson,WR,NYG,BUF,NYG@BUF,8:20PM EDT,15,5.2,Q, ,Wan'Dale Robinson,0.4666666666666667,"(""Wan'Dale Robinson"", 0.4666666666666667, 15, 7.0, 4.199999999999999, 11.2, 7.0)"
365,Kadarius Toney,KC,7.0,12.2,5.4,WR,6.799999999999999,Kadarius Toney,nfl.p.33408,Kadarius,Toney,WR,KC,DEN,DEN@KC,8:15PM EDT,10,3.1, , ,Kadarius Toney,0.7,"('Kadarius Toney', 0.7, 10, 7.0, 6.799999999999999, 12.2, 5.4)"
366,Jaxon Smith-Njigba,SEA,6.9,11.3,6.1,WR,5.200000000000001,Jaxon Smith-Njigba,nfl.p.40041,Jaxon,Smith-Njigba,WR,SEA,CIN,SEA@CIN,1:00PM EDT,10,3.0, , ,Jaxon Smith-Njigba,0.6900000000000001,"('Jaxon Smith-Njigba', 0.6900000000000001, 10, 6.9, 5.200000000000001, 11.3, 6.1)"
367,Rondale Moore,ARI,6.8,9.6,7.5,WR,2.1,Rondale Moore,nfl.p.33437,Rondale,Moore,WR,ARI,LA,ARI@LA,4:25PM EDT,11,6.2, , ,Rondale Moore,0.6181818181818182,"('Rondale Moore', 0.6181818181818182, 11, 6.8, 2.1, 9.6, 7.5)"
368,Darnell Mooney,CHI,6.7,9.6,6.7,WR,2.8999999999999995,Darnell Mooney,nfl.p.32843,Darnell,Mooney,WR,CHI,MIN,MIN@CHI,1:00PM EDT,17,5.1, , ,Darnell Mooney,0.3941176470588235,"('Darnell Mooney', 0.3941176470588235, 17, 6.7, 2.8999999999999995, 9.6, 6.7)"
369,DeVante Parker,NE,6.6,11.4,5.6,WR,5.800000000000001,DeVante Parker,nfl.p.28402,DeVante,Parker,WR,NE,LV,NE@LV,4:05PM EDT,11,4.7, , ,DeVante Parker,0.6,"('DeVante Parker', 0.6, 11, 6.6, 5.800000000000001, 11.4, 5.6)"
370,Michael Wilson,ARI,6.4,11.3,5.4,WR,5.9,Michael Wilson,nfl.p.40121,Michael,Wilson,WR,ARI,LA,ARI@LA,4:25PM EDT,14,9.0, , ,Michael Wilson,0.4571428571428572,"('Michael Wilson', 0.4571428571428572, 14, 6.4, 5.9, 11.3, 5.4)"
371,Quentin Johnston,LAC,6.4,9.8,6.8,WR,3.000000000000001,Quentin Johnston,nfl.p.40051,Quentin,Johnston,WR,LAC,DAL,DAL@LAC,8:15PM EDT,10,1.8, , ,Quentin Johnston,0.64,"('Quentin Johnston', 0.64, 10, 6.4, 3.000000000000001, 9.8, 6.8)"
372,Odell Beckham Jr.,BAL,6.3,11.2,5.2,WR,5.999999999999999,Odell Beckham Jr.,nfl.p.27540,Odell,Beckham Jr.,WR,BAL,TEN,BAL@TEN,9:30AM EDT,14,3.8, , ,Odell Beckham Jr.,0.45,"('Odell Beckham Jr.', 0.45, 14, 6.3, 5.999999999999999, 11.2, 5.2)"
373,Rashid Shaheed,NO,6.1,11.0,4.6,WR,6.4,Rashid Shaheed,nfl.p.34659,Rashid,Shaheed,WR,NO,HOU,NO@HOU,1:00PM EDT,12,7.9, , ,Rashid Shaheed,0.5083333333333333,"('Rashid Shaheed', 0.5083333333333333, 12, 6.1, 6.4, 11.0, 4.6)"
374,Brandon Powell,MIN,6.1,10.0,6.1,WR,3.9,Brandon Powell,nfl.p.31641,Brandon,Powell,WR,MIN,CHI,MIN@CHI,1:00PM EDT,12,1.6, , ,Brandon Powell,0.5083333333333333,"('Brandon Powell', 0.5083333333333333, 12, 6.1, 3.9, 10.0, 6.1)"
375,Darius Slayton,NYG,6.1,9.6,5.4,WR,4.199999999999999,Darius Slayton,nfl.p.32003,Darius,Slayton,WR,NYG,BUF,NYG@BUF,8:20PM EDT,10,4.6, , ,Darius Slayton,0.61,"('Darius Slayton', 0.61, 10, 6.1, 4.199999999999999, 9.6, 5.4)"
376,JuJu Smith-Schuster,NE,5.7,9.0,6.0,WR,3.0,JuJu Smith-Schuster,nfl.p.30175,JuJu,Smith-Schuster,WR,NE,LV,NE@LV,4:05PM EDT,10,3.1,Q, ,JuJu Smith-Schuster,0.5700000000000001,"('JuJu Smith-Schuster', 0.5700000000000001, 10, 5.7, 3.0, 9.0, 6.0)"
377,Skyy Moore,KC,5.6,9.7,4.6,WR,5.1,Skyy Moore,nfl.p.34009,Skyy,Moore,WR,KC,DEN,DEN@KC,8:15PM EDT,14,5.0, , ,Skyy Moore,0.39999999999999997,"('Skyy Moore', 0.39999999999999997, 14, 5.6, 5.1, 9.7, 4.6)"
378,Donovan Peoples-Jones,CLE,5.5,8.4,5.1,WR,3.3000000000000007,Donovan Peoples-Jones,nfl.p.32857,Donovan,Peoples-Jones,WR,CLE,SF,SF@CLE,1:00PM EDT,10,2.6, , ,Donovan Peoples-Jones,0.55,"('Donovan Peoples-Jones', 0.55, 10, 5.5, 3.3000000000000007, 8.4, 5.1)"
379,Nick Westbrook-Ikhine,TEN,5.2,8.1,5.4,WR,2.6999999999999997,Nick Westbrook-Ikhine,nfl.p.33348,Nick,Westbrook-Ikhine,WR,TEN,BAL,BAL@TEN,9:30AM EDT,13,8.2, , ,Nick Westbrook-Ikhine,0.4,"('Nick Westbrook-Ikhine', 0.4, 13, 5.2, 2.6999999999999997, 8.1, 5.4)"
380,Kalif Raymond,DET,5.2,12.1,4.1,WR,8.0,Kalif Raymond,nfl.p.29631,Kalif,Raymond,WR,DET,TB,DET@TB,4:25PM EDT,13,6.6, , ,Kalif Raymond,0.4,"('Kalif Raymond', 0.4, 13, 5.2, 8.0, 12.1, 4.1)"
486,Buffalo Bills,,8.9,10.0,8.3,DEF,1.6999999999999993,Buffalo Bills,nfl.t.2,Buffalo,Bills,DEF,BUF,NYG,NYG@BUF,8:20PM EDT,23,13.0, , ,Buffalo Bills,0.3869565217391305,"('Buffalo Bills', 0.3869565217391305, 23, 8.9, 1.6999999999999993, 10.0, 8.3)"
487,Atlanta Falcons,,8.7,9.2,7.9,DEF,1.299999999999999,Atlanta Falcons,nfl.t.1,Atlanta,Falcons,DEF,ATL,WAS,WAS@ATL,1:00PM EDT,13,4.0, , ,Atlanta Falcons,0.6692307692307692,"('Atlanta Falcons', 0.6692307692307692, 13, 8.7, 1.299999999999999, 9.2, 7.9)"
488,San Francisco 49ers,,8.2,10.1,6.8,DEF,3.3,San Francisco 49ers,nfl.t.25,San Francisco,49ers,DEF,SF,CLE,SF@CLE,1:00PM EDT,18,8.8, , ,San Francisco 49ers,0.4555555555555555,"('San Francisco 49ers', 0.4555555555555555, 18, 8.2, 3.3, 10.1, 6.8)"
489,Philadelphia Eagles,,8.1,8.9,7.8,DEF,1.1000000000000003,Philadelphia Eagles,nfl.t.21,Philadelphia,Eagles,DEF,PHI,NYJ,PHI@NYJ,4:25PM EDT,20,8.2, , ,Philadelphia Eagles,0.40499999999999997,"('Philadelphia Eagles', 0.40499999999999997, 20, 8.1, 1.1000000000000003, 8.9, 7.8)"
490,Kansas City Chiefs,,8.0,8.8,7.2,DEF,1.6000000000000003,Kansas City Chiefs,nfl.t.12,Kansas City,Chiefs,DEF,KC,DEN,DEN@KC,8:15PM EDT,15,7.2, , ,Kansas City Chiefs,0.5333333333333333,"('Kansas City Chiefs', 0.5333333333333333, 15, 8.0, 1.6000000000000003, 8.8, 7.2)"
491,Baltimore Ravens,,7.8,8.2,7.5,DEF,0.6999999999999993,Baltimore Ravens,nfl.t.33,Baltimore,Ravens,DEF,BAL,TEN,BAL@TEN,9:30AM EDT,18,8.8, , ,Baltimore Ravens,0.43333333333333335,"('Baltimore Ravens', 0.43333333333333335, 18, 7.8, 0.6999999999999993, 8.2, 7.5)"
492,Minnesota Vikings,,7.4,8.7,7.1,DEF,1.5999999999999996,Minnesota Vikings,nfl.t.16,Minnesota,Vikings,DEF,MIN,CHI,MIN@CHI,1:00PM EDT,16,5.6, , ,Minnesota Vikings,0.4625,"('Minnesota Vikings', 0.4625, 16, 7.4, 1.5999999999999996, 8.7, 7.1)"
493,Miami Dolphins,,7.4,8.8,6.5,DEF,2.3000000000000007,Miami Dolphins,nfl.t.15,Miami,Dolphins,DEF,MIA,CAR,CAR@MIA,1:00PM EDT,12,5.6, , ,Miami Dolphins,0.6166666666666667,"('Miami Dolphins', 0.6166666666666667, 12, 7.4, 2.3000000000000007, 8.8, 6.5)"
494,Jacksonville Jaguars,,7.0,7.1,5.6,DEF,1.5,Jacksonville Jaguars,nfl.t.30,Jacksonville,Jaguars,DEF,JAC,IND,IND@JAC,1:00PM EDT,18,8.6, , ,Jacksonville Jaguars,0.3888888888888889,"('Jacksonville Jaguars', 0.3888888888888889, 18, 7.0, 1.5, 7.1, 5.6)"
495,Las Vegas Raiders,,6.7,6.9,6.4,DEF,0.5,Las Vegas Raiders,nfl.t.13,Las Vegas,Raiders,DEF,LV,NE,NE@LV,4:05PM EDT,12,3.6, , ,Las Vegas Raiders,0.5583333333333333,"('Las Vegas Raiders', 0.5583333333333333, 12, 6.7, 0.5, 6.9, 6.4)"
496,Detroit Lions,,6.4,8.5,6.3,DEF,2.2,Detroit Lions,nfl.t.8,Detroit,Lions,DEF,DET,TB,DET@TB,4:25PM EDT,17,8.4, , ,Detroit Lions,0.3764705882352941,"('Detroit Lions', 0.3764705882352941, 17, 6.4, 2.2, 8.5, 6.3)"
497,Tennessee Titans,,6.2,6.8,4.8,DEF,2.0,Tennessee Titans,nfl.t.10,Tennessee,Titans,DEF,TEN,BAL,BAL@TEN,9:30AM EDT,14,6.0, , ,Tennessee Titans,0.4428571428571429,"('Tennessee Titans', 0.4428571428571429, 14, 6.2, 2.0, 6.8, 4.8)"
498,Chicago Bears,,6.1,6.8,3.9,DEF,2.9,Chicago Bears,nfl.t.3,Chicago,Bears,DEF,CHI,MIN,MIN@CHI,1:00PM EDT,10,2.6, , ,Chicago Bears,0.61,"('Chicago Bears', 0.61, 10, 6.1, 2.9, 6.8, 3.9)"
499,Houston Texans,,6.1,6.5,5.9,DEF,0.5999999999999996,Houston Texans,nfl.t.34,Houston,Texans,DEF,HOU,NO,NO@HOU,1:00PM EDT,15,7.0, , ,Houston Texans,0.4066666666666666,"('Houston Texans', 0.4066666666666666, 15, 6.1, 0.5999999999999996, 6.5, 5.9)"
500,Cincinnati Bengals,,6.1,6.9,4.7,DEF,2.2,Cincinnati Bengals,nfl.t.4,Cincinnati,Bengals,DEF,CIN,SEA,SEA@CIN,1:00PM EDT,12,9.0, , ,Cincinnati Bengals,0.5083333333333333,"('Cincinnati Bengals', 0.5083333333333333, 12, 6.1, 2.2, 6.9, 4.7)"
501,Dallas Cowboys,,6.0,6.6,4.2,DEF,2.3999999999999995,Dallas Cowboys,nfl.t.6,Dallas,Cowboys,DEF,DAL,LAC,DAL@LAC,8:15PM EDT,18,15.8, , ,Dallas Cowboys,0.3333333333333333,"('Dallas Cowboys', 0.3333333333333333, 18, 6.0, 2.3999999999999995, 6.6, 4.2)"
502,Seattle Seahawks,,6.0,6.2,6.2,DEF,0.0,Seattle Seahawks,nfl.t.26,Seattle,Seahawks,DEF,SEA,CIN,SEA@CIN,1:00PM EDT,16,11.8, , ,Seattle Seahawks,0.375,"('Seattle Seahawks', 0.375, 16, 6.0, 0.0, 6.2, 6.2)"
503,Los Angeles Chargers,,6.0,6.4,5.0,DEF,1.4000000000000004,Los Angeles Chargers,nfl.t.24,Los Angeles,Chargers,DEF,LAC,DAL,DAL@LAC,8:15PM EDT,10,6.8, , ,Los Angeles Chargers,0.6,"('Los Angeles Chargers', 0.6, 10, 6.0, 1.4000000000000004, 6.4, 5.0)"
504,New England Patriots,,5.9,6.7,6.0,DEF,0.7000000000000002,New England Patriots,nfl.t.17,New England,Patriots,DEF,NE,LV,NE@LV,4:05PM EDT,13,4.8, , ,New England Patriots,0.4538461538461539,"('New England Patriots', 0.4538461538461539, 13, 5.9, 0.7000000000000002, 6.7, 6.0)"
505,Indianapolis Colts,,5.9,6.5,4.9,DEF,1.5999999999999996,Indianapolis Colts,nfl.t.11,Indianapolis,Colts,DEF,IND,JAC,IND@JAC,1:00PM EDT,17,7.2, , ,Indianapolis Colts,0.3470588235294118,"('Indianapolis Colts', 0.3470588235294118, 17, 5.9, 1.5999999999999996, 6.5, 4.9)"
506,Los Angeles Rams,,5.9,7.4,5.7,DEF,1.7000000000000002,Los Angeles Rams,nfl.t.14,Los Angeles,Rams,DEF,LA,ARI,ARI@LA,4:25PM EDT,10,3.6, , ,Los Angeles Rams,0.5900000000000001,"('Los Angeles Rams', 0.5900000000000001, 10, 5.9, 1.7000000000000002, 7.4, 5.7)"
507,Arizona Cardinals,,5.8,5.9,3.9,DEF,2.0000000000000004,Arizona Cardinals,nfl.t.22,Arizona,Cardinals,DEF,ARI,LA,ARI@LA,4:25PM EDT,13,5.8, , ,Arizona Cardinals,0.4461538461538461,"('Arizona Cardinals', 0.4461538461538461, 13, 5.8, 2.0000000000000004, 5.9, 3.9)"
508,New York Jets,,5.8,6.6,4.2,DEF,2.3999999999999995,New York Jets,nfl.t.20,New York,Jets,DEF,NYJ,PHI,PHI@NYJ,4:25PM EDT,15,9.8, , ,New York Jets,0.38666666666666666,"('New York Jets', 0.38666666666666666, 15, 5.8, 2.3999999999999995, 6.6, 4.2)"
509,Washington Commanders,,5.7,6.9,5.4,DEF,1.5,Washington Commanders,nfl.t.28,Washington,Commanders,DEF,WAS,ATL,WAS@ATL,1:00PM EDT,13,4.6, , ,Washington Commanders,0.43846153846153846,"('Washington Commanders', 0.43846153846153846, 13, 5.7, 1.5, 6.9, 5.4)"
510,Carolina Panthers,,5.6,6.2,2.8,DEF,3.4000000000000004,Carolina Panthers,nfl.t.29,Carolina,Panthers,DEF,CAR,MIA,CAR@MIA,1:00PM EDT,11,4.4, , ,Carolina Panthers,0.509090909090909,"('Carolina Panthers', 0.509090909090909, 11, 5.6, 3.4000000000000004, 6.2, 2.8)"
511,Tampa Bay Buccaneers,,5.6,6.3,4.8,DEF,1.5,Tampa Bay Buccaneers,nfl.t.27,Tampa Bay,Buccaneers,DEF,TB,DET,DET@TB,4:25PM EDT,17,11.0, , ,Tampa Bay Buccaneers,0.32941176470588235,"('Tampa Bay Buccaneers', 0.32941176470588235, 17, 5.6, 1.5, 6.3, 4.8)"
512,New York Giants,,5.6,5.9,3.7,DEF,2.2,New York Giants,nfl.t.19,New York,Giants,DEF,NYG,BUF,NYG@BUF,8:20PM EDT,10,2.8, , ,New York Giants,0.5599999999999999,"('New York Giants', 0.5599999999999999, 10, 5.6, 2.2, 5.9, 3.7)"
513,New Orleans Saints,,5.6,6.6,5.1,DEF,1.5,New Orleans Saints,nfl.t.18,New Orleans,Saints,DEF,NO,HOU,NO@HOU,1:00PM EDT,14,10.8, , ,New Orleans Saints,0.39999999999999997,"('New Orleans Saints', 0.39999999999999997, 14, 5.6, 1.5, 6.6, 5.1)"
514,Cleveland Browns,,5.5,6.2,3.6,DEF,2.6,Cleveland Browns,nfl.t.5,Cleveland,Browns,DEF,CLE,SF,SF@CLE,1:00PM EDT,13,8.0, , ,Cleveland Browns,0.4230769230769231,"('Cleveland Browns', 0.4230769230769231, 13, 5.5, 2.6, 6.2, 3.6)"
