,QB,RB1,RB2,WR1,WR2,WR3,TE,FLEX,DST,Tot Exp Pts,Tot FP High,Tot FP Low,Tot Range,FLEX_type,QB_team,RB1_team,RB2_team,WR1_team,WR2_team,WR3_team,TE_team,FLEX_team,DST_team,wr_matching_count,rb_matching_count,te_matching_count,flex_matching_count,adj_rb_matching_count,sum_of_matching_counts
5226482,Patrick Mahomes II,Alvin Kamara,Josh Jacobs,Jerry Jeudy,Cooper Kupp,Ja'Marr Chase,Darren Waller,Joe Mixon,Atlanta Falcons,129.3,173.8,122.2,51.6,RB,KC,NO,LV,DEN,LA,CIN,NYG,CIN,ATL,0,0,0,0,0,0
6238832,Tua Tagovailoa,Alvin Kamara,Josh Jacobs,DeAndre Hopkins,Cooper Kupp,Tyreek Hill,Darren Waller,Joe Mixon,Atlanta Falcons,128.7,172.9,123.3,49.6,RB,MIA,NO,LV,TEN,LA,MIA,NYG,CIN,ATL,1,0,0,0,0,1
5226507,Josh Allen,Alvin Kamara,Josh Jacobs,Jerry Jeudy,Cooper Kupp,Ja'Marr Chase,Darren Waller,Joe Mixon,Atlanta Falcons,128.6,173.5,122.7,50.8,RB,BUF,NO,LV,DEN,LA,CIN,NYG,CIN,ATL,0,0,0,0,0,0
6589657,Trevor Lawrence,Alvin Kamara,Tony Pollard,DeAndre Hopkins,Ja'Marr Chase,Tyreek Hill,Darren Waller,Joe Mixon,Atlanta Falcons,128.1,172.8,122.1,50.7,RB,JAC,NO,DAL,TEN,CIN,MIA,NYG,CIN,ATL,0,0,0,0,0,0
5250457,Trevor Lawrence,Alvin Kamara,Tony Pollard,Jerry Jeudy,Cooper Kupp,Ja'Marr Chase,T.J. Hockenson,Joe Mixon,Atlanta Falcons,128,175,121.4,53.6,RB,JAC,NO,DAL,DEN,LA,CIN,MIN,CIN,ATL,0,0,0,0,0,0
5226479,Patrick Mahomes II,Alvin Kamara,Josh Jacobs,Jerry Jeudy,Cooper Kupp,Ja'Marr Chase,Darren Waller,Joe Mixon,Miami Dolphins,128,173.4,120.8,52.6,RB,KC,NO,LV,DEN,LA,CIN,NYG,CIN,MIA,0,0,0,0,0,0
5563882,Jalen Hurts,Alvin Kamara,Josh Jacobs,Michael Thomas,Cooper Kupp,Tyreek Hill,Darren Waller,Joe Mixon,Atlanta Falcons,128,173.4,120.9,52.5,RB,PHI,NO,LV,NO,LA,MIA,NYG,CIN,ATL,0,0,0,0,0,0
3265607,Patrick Mahomes II,Joe Mixon,Alvin Kamara,Michael Thomas,DeAndre Hopkins,Cooper Kupp,Mark Andrews,Ja'Marr Chase,Atlanta Falcons,127.8,174.6,121.1,53.5,WR,KC,CIN,NO,NO,TEN,LA,BAL,CIN,ATL,0,0,0,0,0,0
7237657,Trevor Lawrence,Alvin Kamara,Josh Jacobs,Cooper Kupp,Davante Adams,Ja'Marr Chase,Darren Waller,Rachaad White,Atlanta Falcons,127.8,174.4,122.5,51.9,RB,JAC,NO,LV,LA,LV,CIN,NYG,TB,ATL,0,0,0,0,0,0
6913657,Trevor Lawrence,Alvin Kamara,Josh Jacobs,Adam Thielen,Ja'Marr Chase,Tyreek Hill,Darren Waller,Joe Mixon,Atlanta Falcons,127.8,173.9,121.7,52.2,RB,JAC,NO,LV,CAR,CIN,MIA,NYG,CIN,ATL,0,0,0,0,0,0
6237529,Jalen Hurts,Alvin Kamara,Josh Jacobs,DeAndre Hopkins,Cooper Kupp,Tyreek Hill,Dalton Schultz,Joe Mixon,Miami Dolphins,127.8,173.5,121.9,51.6,RB,PHI,NO,LV,TEN,LA,MIA,HOU,CIN,MIA,0,0,0,0,0,0
5239882,Jalen Hurts,Alvin Kamara,Tony Pollard,Jerry Jeudy,Cooper Kupp,Ja'Marr Chase,Darren Waller,Joe Mixon,Atlanta Falcons,127.8,173.3,119.4,53.9,RB,PHI,NO,DAL,DEN,LA,CIN,NYG,CIN,ATL,0,0,0,0,0,0
6238875,Jalen Hurts,Alvin Kamara,Josh Jacobs,DeAndre Hopkins,Cooper Kupp,Tyreek Hill,Darren Waller,Joe Mixon,Chicago Bears,127.8,172.9,120.1,52.8,RB,PHI,NO,LV,TEN,LA,MIA,NYG,CIN,CHI,0,0,0,0,0,0
4942657,Trevor Lawrence,Rachaad White,Alvin Kamara,Calvin Ridley,Cooper Kupp,Ja'Marr Chase,Darren Waller,Tyreek Hill,Atlanta Falcons,127.7,174.1,122.8,51.3,WR,JAC,TB,NO,JAC,LA,CIN,NYG,MIA,ATL,1,0,0,0,0,1
7885654,Trevor Lawrence,Joe Mixon,Alvin Kamara,Cooper Kupp,Ja'Marr Chase,Tyreek Hill,Darren Waller,Rachaad White,Miami Dolphins,127.7,174.8,121.8,53,RB,JAC,CIN,NO,LA,CIN,MIA,NYG,TB,MIA,0,0,0,0,0,0
7884307,Trevor Lawrence,Joe Mixon,Alvin Kamara,Cooper Kupp,Ja'Marr Chase,Tyreek Hill,Dalton Schultz,Rachaad White,Atlanta Falcons,127.7,173.8,122.4,51.4,RB,JAC,CIN,NO,LA,CIN,MIA,HOU,TB,ATL,0,0,0,0,0,0
3212857,Jalen Hurts,Alvin Kamara,Josh Jacobs,Michael Thomas,DeAndre Hopkins,Cooper Kupp,Travis Kelce,Joe Mixon,Atlanta Falcons,127.7,173.5,121.5,52,RB,PHI,NO,LV,NO,TEN,LA,KC,CIN,ATL,0,0,0,0,0,0
3292507,Jalen Hurts,Alvin Kamara,Josh Jacobs,Michael Thomas,DeAndre Hopkins,Cooper Kupp,Mark Andrews,Ja'Marr Chase,Atlanta Falcons,127.6,175.3,121.4,53.9,WR,PHI,NO,LV,NO,TEN,LA,BAL,CIN,ATL,0,0,0,0,0,0
5236957,Trevor Lawrence,Alvin Kamara,Josh Jacobs,Jerry Jeudy,Cooper Kupp,Ja'Marr Chase,T.J. Hockenson,Joe Mixon,Atlanta Falcons,127.6,174.7,121.8,52.9,RB,JAC,NO,LV,DEN,LA,CIN,MIN,CIN,ATL,0,0,0,0,0,0
3295982,Patrick Mahomes II,Alvin Kamara,Tony Pollard,Michael Thomas,DeAndre Hopkins,Cooper Kupp,Darren Waller,Ja'Marr Chase,Atlanta Falcons,127.6,173.9,120.4,53.5,WR,KC,NO,DAL,NO,TEN,LA,NYG,CIN,ATL,0,0,0,0,0,0
6238877,Jalen Hurts,Alvin Kamara,Josh Jacobs,DeAndre Hopkins,Cooper Kupp,Tyreek Hill,Darren Waller,Joe Mixon,Los Angeles Rams,127.6,173.5,121.9,51.6,RB,PHI,NO,LV,TEN,LA,MIA,NYG,CIN,LA,0,0,0,0,0,0
4713157,Trevor Lawrence,Joe Mixon,Alvin Kamara,Jerry Jeudy,Cooper Kupp,Ja'Marr Chase,Darren Waller,Tyreek Hill,Atlanta Falcons,127.4,175.1,120.6,54.5,WR,JAC,CIN,NO,DEN,LA,CIN,NYG,MIA,ATL,0,0,0,0,0,0
5233807,Jalen Hurts,Alvin Kamara,Josh Jacobs,Jerry Jeudy,Cooper Kupp,Ja'Marr Chase,Cole Kmet,Joe Mixon,Atlanta Falcons,127.4,173.5,119.1,54.4,RB,PHI,NO,LV,DEN,LA,CIN,CHI,CIN,ATL,0,0,0,0,0,0
5226382,Jalen Hurts,Alvin Kamara,Josh Jacobs,Jerry Jeudy,Cooper Kupp,Ja'Marr Chase,Darren Waller,Joe Mixon,Atlanta Falcons,127.4,173,119.8,53.2,RB,PHI,NO,LV,DEN,LA,CIN,NYG,CIN,ATL,0,0,0,0,0,0
5563887,Jalen Hurts,Alvin Kamara,Josh Jacobs,Michael Thomas,Cooper Kupp,Tyreek Hill,Darren Waller,Joe Mixon,Kansas City Chiefs,127.3,173,120.2,52.8,RB,PHI,NO,LV,NO,LA,MIA,NYG,CIN,KC,0,0,0,0,0,0
5226504,Josh Allen,Alvin Kamara,Josh Jacobs,Jerry Jeudy,Cooper Kupp,Ja'Marr Chase,Darren Waller,Joe Mixon,Miami Dolphins,127.3,173.1,121.3,51.8,RB,BUF,NO,LV,DEN,LA,CIN,NYG,CIN,MIA,0,0,0,0,0,0
3282482,Patrick Mahomes II,Alvin Kamara,Josh Jacobs,Michael Thomas,DeAndre Hopkins,Cooper Kupp,Darren Waller,Ja'Marr Chase,Atlanta Falcons,127.2,173.6,120.8,52.8,WR,KC,NO,LV,NO,TEN,LA,NYG,CIN,ATL,0,0,0,0,0,0
5577379,Jalen Hurts,Alvin Kamara,Tony Pollard,Michael Thomas,Cooper Kupp,Tyreek Hill,Darren Waller,Joe Mixon,Miami Dolphins,127.1,173.3,119.1,54.2,RB,PHI,NO,DAL,NO,LA,MIA,NYG,CIN,MIA,0,0,0,0,0,0
5196682,Jalen Hurts,Joe Mixon,Alvin Kamara,Jerry Jeudy,Cooper Kupp,Ja'Marr Chase,T.J. Hockenson,Rachaad White,Atlanta Falcons,127.1,173.2,120.5,52.7,RB,PHI,CIN,NO,DEN,LA,CIN,MIN,TB,ATL,0,0,0,0,0,0
5239887,Jalen Hurts,Alvin Kamara,Tony Pollard,Jerry Jeudy,Cooper Kupp,Ja'Marr Chase,Darren Waller,Joe Mixon,Kansas City Chiefs,127.1,172.9,118.7,54.2,RB,PHI,NO,DAL,DEN,LA,CIN,NYG,CIN,KC,0,0,0,0,0,0
5236500,Jalen Hurts,Alvin Kamara,Josh Jacobs,Jerry Jeudy,Cooper Kupp,Ja'Marr Chase,Mark Andrews,Joe Mixon,Chicago Bears,127.1,173.1,118.8,54.3,RB,PHI,NO,LV,DEN,LA,CIN,BAL,CIN,CHI,0,0,0,0,0,0
7251032,Sam Howell,Alvin Kamara,Josh Jacobs,Cooper Kupp,Davante Adams,Ja'Marr Chase,Darren Waller,Joe Mixon,Atlanta Falcons,127,175.6,119.4,56.2,RB,WAS,NO,LV,LA,LV,CIN,NYG,CIN,ATL,0,0,0,0,0,0
6238670,Trevor Lawrence,Alvin Kamara,Josh Jacobs,DeAndre Hopkins,Cooper Kupp,Tyreek Hill,Darren Waller,Joe Mixon,San Francisco 49ers,127,173,121.2,51.8,RB,JAC,NO,LV,TEN,LA,MIA,NYG,CIN,SF,0,0,0,0,0,0
7885655,Trevor Lawrence,Joe Mixon,Alvin Kamara,Cooper Kupp,Ja'Marr Chase,Tyreek Hill,Darren Waller,Rachaad White,Las Vegas Raiders,127,172.9,121.7,51.2,RB,JAC,CIN,NO,LA,CIN,MIA,NYG,TB,LV,0,0,0,0,0,0
6248777,Trevor Lawrence,Alvin Kamara,Josh Jacobs,DeAndre Hopkins,Cooper Kupp,Tyreek Hill,Mark Andrews,Joe Mixon,Los Angeles Rams,127,172.8,123.1,49.7,RB,JAC,NO,LV,TEN,LA,MIA,BAL,CIN,LA,0,0,0,0,0,0
5574454,Trevor Lawrence,Alvin Kamara,Josh Jacobs,Michael Thomas,Cooper Kupp,Tyreek Hill,T.J. Hockenson,Joe Mixon,Miami Dolphins,126.9,174.7,121.5,53.2,RB,JAC,NO,LV,NO,LA,MIA,MIN,CIN,MIA,0,0,0,0,0,0
3984382,Jalen Hurts,Joe Mixon,Alvin Kamara,DeAndre Hopkins,Chris Godwin,Ja'Marr Chase,Darren Waller,Tyreek Hill,Atlanta Falcons,126.9,173.8,119.2,54.6,WR,PHI,CIN,NO,TEN,TB,CIN,NYG,MIA,ATL,0,0,0,0,0,0
4956032,Sam Howell,Joe Mixon,Alvin Kamara,Calvin Ridley,Cooper Kupp,Ja'Marr Chase,Darren Waller,Tyreek Hill,Atlanta Falcons,126.9,175.3,119.7,55.6,WR,WAS,CIN,NO,JAC,LA,CIN,NYG,MIA,ATL,0,0,0,0,0,0
7251150,Trevor Lawrence,Alvin Kamara,Josh Jacobs,Cooper Kupp,Davante Adams,Ja'Marr Chase,Darren Waller,Joe Mixon,Chicago Bears,126.9,175.2,118.9,56.3,RB,JAC,NO,LV,LA,LV,CIN,NYG,CIN,CHI,0,0,0,0,0,0
5236962,Trevor Lawrence,Alvin Kamara,Josh Jacobs,Jerry Jeudy,Cooper Kupp,Ja'Marr Chase,T.J. Hockenson,Joe Mixon,Kansas City Chiefs,126.9,174.3,121.1,53.2,RB,JAC,NO,LV,DEN,LA,CIN,MIN,CIN,KC,0,0,0,0,0,0
5226395,Jalen Hurts,Alvin Kamara,Josh Jacobs,Jerry Jeudy,Cooper Kupp,Ja'Marr Chase,Darren Waller,Joe Mixon,San Francisco 49ers,126.9,173.9,118.7,55.2,RB,PHI,NO,LV,DEN,LA,CIN,NYG,CIN,SF,0,0,0,0,0,0
3252782,Patrick Mahomes II,Rachaad White,Alvin Kamara,Michael Thomas,DeAndre Hopkins,Cooper Kupp,T.J. Hockenson,Ja'Marr Chase,Atlanta Falcons,126.9,173.8,121.5,52.3,WR,KC,TB,NO,NO,TEN,LA,MIN,CIN,ATL,0,0,0,0,0,0
5236502,Jalen Hurts,Alvin Kamara,Josh Jacobs,Jerry Jeudy,Cooper Kupp,Ja'Marr Chase,Mark Andrews,Joe Mixon,Los Angeles Rams,126.9,173.7,120.6,53.1,RB,PHI,NO,LV,DEN,LA,CIN,BAL,CIN,LA,0,0,0,0,0,0
5197132,Trevor Lawrence,Joe Mixon,Alvin Kamara,Jerry Jeudy,Cooper Kupp,Ja'Marr Chase,Travis Kelce,Rachaad White,Atlanta Falcons,126.9,172.8,121.4,51.4,RB,JAC,CIN,NO,DEN,LA,CIN,KC,TB,ATL,0,0,0,0,0,0
4470157,Trevor Lawrence,Joe Mixon,Alvin Kamara,Michael Thomas,Cooper Kupp,Ja'Marr Chase,Darren Waller,Tyreek Hill,Atlanta Falcons,126.8,175.7,119.8,55.9,WR,JAC,CIN,NO,NO,LA,CIN,NYG,MIA,ATL,0,0,0,0,0,0
3023282,Patrick Mahomes II,Joe Mixon,Alvin Kamara,Michael Thomas,Jerry Jeudy,Cooper Kupp,T.J. Hockenson,Ja'Marr Chase,Atlanta Falcons,126.8,174.5,119.5,55,WR,KC,CIN,NO,NO,DEN,LA,MIN,CIN,ATL,0,0,0,0,0,0
3292532,Lamar Jackson,Alvin Kamara,Josh Jacobs,Michael Thomas,DeAndre Hopkins,Cooper Kupp,Mark Andrews,Ja'Marr Chase,Atlanta Falcons,126.8,174.1,121.8,52.3,WR,BAL,NO,LV,NO,TEN,LA,BAL,CIN,ATL,0,0,1,0,0,1
4956150,Trevor Lawrence,Joe Mixon,Alvin Kamara,Calvin Ridley,Cooper Kupp,Ja'Marr Chase,Darren Waller,Tyreek Hill,Chicago Bears,126.8,174.9,119.2,55.7,WR,JAC,CIN,NO,JAC,LA,CIN,NYG,MIA,CHI,1,0,0,0,0,1
7251151,Trevor Lawrence,Alvin Kamara,Josh Jacobs,Cooper Kupp,Davante Adams,Ja'Marr Chase,Darren Waller,Joe Mixon,Los Angeles Chargers,126.8,174.8,120,54.8,RB,JAC,NO,LV,LA,LV,CIN,NYG,CIN,LAC,0,0,0,0,0,0
3266182,Jalen Hurts,Joe Mixon,Alvin Kamara,Michael Thomas,DeAndre Hopkins,Cooper Kupp,T.J. Hockenson,Ja'Marr Chase,Atlanta Falcons,126.7,176.2,119.5,56.7,WR,PHI,CIN,NO,NO,TEN,LA,MIN,CIN,ATL,0,0,0,0,0,0
3293132,Tua Tagovailoa,Alvin Kamara,Josh Jacobs,Michael Thomas,DeAndre Hopkins,Cooper Kupp,T.J. Hockenson,Ja'Marr Chase,Atlanta Falcons,126.7,175.3,121.4,53.9,WR,MIA,NO,LV,NO,TEN,LA,MIN,CIN,ATL,0,0,0,0,0,0
5250454,Trevor Lawrence,Alvin Kamara,Tony Pollard,Jerry Jeudy,Cooper Kupp,Ja'Marr Chase,T.J. Hockenson,Joe Mixon,Miami Dolphins,126.7,174.6,120,54.6,RB,JAC,NO,DAL,DEN,LA,CIN,MIN,CIN,MIA,0,0,0,0,0,0
3535957,Trevor Lawrence,Alvin Kamara,Josh Jacobs,Michael Thomas,DeAndre Hopkins,Cooper Kupp,T.J. Hockenson,Tyreek Hill,Atlanta Falcons,126.7,174.3,122.3,52,WR,JAC,NO,LV,NO,TEN,LA,MIN,MIA,ATL,0,0,0,0,0,0
5563879,Jalen Hurts,Alvin Kamara,Josh Jacobs,Michael Thomas,Cooper Kupp,Tyreek Hill,Darren Waller,Joe Mixon,Miami Dolphins,126.7,173,119.5,53.5,RB,PHI,NO,LV,NO,LA,MIA,NYG,CIN,MIA,0,0,0,0,0,0
7251152,Trevor Lawrence,Alvin Kamara,Josh Jacobs,Cooper Kupp,Davante Adams,Ja'Marr Chase,Darren Waller,Joe Mixon,Los Angeles Rams,126.7,175.8,120.7,55.1,RB,JAC,NO,LV,LA,LV,CIN,NYG,CIN,LA,0,0,0,0,0,0
4956151,Trevor Lawrence,Joe Mixon,Alvin Kamara,Calvin Ridley,Cooper Kupp,Ja'Marr Chase,Darren Waller,Tyreek Hill,Los Angeles Chargers,126.7,174.5,120.3,54.2,WR,JAC,CIN,NO,JAC,LA,CIN,NYG,MIA,LAC,1,0,0,0,0,1
5293654,Trevor Lawrence,Alvin Kamara,Christian McCaffrey,Jerry Jeudy,Cooper Kupp,Ja'Marr Chase,Darren Waller,Joe Mixon,Miami Dolphins,126.7,174.5,120.1,54.4,RB,JAC,NO,SF,DEN,LA,CIN,NYG,CIN,MIA,0,0,0,0,0,0
5292307,Trevor Lawrence,Alvin Kamara,Christian McCaffrey,Jerry Jeudy,Cooper Kupp,Ja'Marr Chase,Dalton Schultz,Joe Mixon,Atlanta Falcons,126.7,173.5,120.7,52.8,RB,JAC,NO,SF,DEN,LA,CIN,HOU,CIN,ATL,0,0,0,0,0,0
4956152,Trevor Lawrence,Joe Mixon,Alvin Kamara,Calvin Ridley,Cooper Kupp,Ja'Marr Chase,Darren Waller,Tyreek Hill,Los Angeles Rams,126.6,175.5,121,54.5,WR,JAC,CIN,NO,JAC,LA,CIN,NYG,MIA,LA,1,0,0,0,0,1
3050182,Jalen Hurts,Alvin Kamara,Josh Jacobs,Michael Thomas,Jerry Jeudy,Cooper Kupp,T.J. Hockenson,Ja'Marr Chase,Atlanta Falcons,126.6,175.2,119.8,55.4,WR,PHI,NO,LV,NO,DEN,LA,MIN,CIN,ATL,0,0,0,0,0,0
3265604,Patrick Mahomes II,Joe Mixon,Alvin Kamara,Michael Thomas,DeAndre Hopkins,Cooper Kupp,Mark Andrews,Ja'Marr Chase,Miami Dolphins,126.5,174.2,119.7,54.5,WR,KC,CIN,NO,NO,TEN,LA,BAL,CIN,MIA,0,0,0,0,0,0
7237654,Trevor Lawrence,Alvin Kamara,Josh Jacobs,Cooper Kupp,Davante Adams,Ja'Marr Chase,Darren Waller,Rachaad White,Miami Dolphins,126.5,174,121.1,52.9,RB,JAC,NO,LV,LA,LV,CIN,NYG,TB,MIA,0,0,0,0,0,0
6913654,Trevor Lawrence,Alvin Kamara,Josh Jacobs,Adam Thielen,Ja'Marr Chase,Tyreek Hill,Darren Waller,Joe Mixon,Miami Dolphins,126.5,173.5,120.3,53.2,RB,JAC,NO,LV,CAR,CIN,MIA,NYG,CIN,MIA,0,0,0,0,0,0
7236307,Trevor Lawrence,Alvin Kamara,Josh Jacobs,Cooper Kupp,Davante Adams,Ja'Marr Chase,Dalton Schultz,Rachaad White,Atlanta Falcons,126.5,173,121.7,51.3,RB,JAC,NO,LV,LA,LV,CIN,HOU,TB,ATL,0,0,0,0,0,0
5239879,Jalen Hurts,Alvin Kamara,Tony Pollard,Jerry Jeudy,Cooper Kupp,Ja'Marr Chase,Darren Waller,Joe Mixon,Miami Dolphins,126.5,172.9,118,54.9,RB,PHI,NO,DAL,DEN,LA,CIN,NYG,CIN,MIA,0,0,0,0,0,0
3266632,Trevor Lawrence,Joe Mixon,Alvin Kamara,Michael Thomas,DeAndre Hopkins,Cooper Kupp,Travis Kelce,Ja'Marr Chase,Atlanta Falcons,126.5,175.8,120.4,55.4,WR,JAC,CIN,NO,NO,TEN,LA,KC,CIN,ATL,0,0,0,0,0,0
7885532,Sam Howell,Joe Mixon,Alvin Kamara,Cooper Kupp,Ja'Marr Chase,Tyreek Hill,Darren Waller,Rachaad White,Atlanta Falcons,126.5,173.2,119.7,53.5,RB,WAS,CIN,NO,LA,CIN,MIA,NYG,TB,ATL,0,0,0,0,0,0
7250907,Jimmy Garoppolo,Alvin Kamara,Josh Jacobs,Cooper Kupp,Davante Adams,Ja'Marr Chase,Darren Waller,Joe Mixon,Atlanta Falcons,126.5,173,118.2,54.8,RB,LV,NO,LV,LA,LV,CIN,NYG,CIN,ATL,1,1,0,0,0.5,1.5
4942654,Trevor Lawrence,Rachaad White,Alvin Kamara,Calvin Ridley,Cooper Kupp,Ja'Marr Chase,Darren Waller,Tyreek Hill,Miami Dolphins,126.4,173.7,121.4,52.3,WR,JAC,TB,NO,JAC,LA,CIN,NYG,MIA,MIA,1,0,0,0,0,1
5534179,Jalen Hurts,Joe Mixon,Alvin Kamara,Michael Thomas,Cooper Kupp,Tyreek Hill,T.J. Hockenson,Rachaad White,Miami Dolphins,126.4,173.2,120.2,53,RB,PHI,CIN,NO,NO,LA,MIA,MIN,TB,MIA,0,0,0,0,0,0
7210875,Jalen Hurts,Joe Mixon,Alvin Kamara,Cooper Kupp,Davante Adams,Ja'Marr Chase,Darren Waller,Rachaad White,Chicago Bears,126.4,173.7,117.6,56.1,RB,PHI,CIN,NO,LA,LV,CIN,NYG,TB,CHI,0,0,0,0,0,0
5235154,Jalen Hurts,Alvin Kamara,Josh Jacobs,Jerry Jeudy,Cooper Kupp,Ja'Marr Chase,Evan Engram,Joe Mixon,Miami Dolphins,126.4,173.5,119.1,54.4,RB,PHI,NO,LV,DEN,LA,CIN,JAC,CIN,MIA,0,0,0,0,0,0
7884304,Trevor Lawrence,Joe Mixon,Alvin Kamara,Cooper Kupp,Ja'Marr Chase,Tyreek Hill,Dalton Schultz,Rachaad White,Miami Dolphins,126.4,173.4,121,52.4,RB,JAC,CIN,NO,LA,CIN,MIA,HOU,TB,MIA,0,0,0,0,0,0
3212854,Jalen Hurts,Alvin Kamara,Josh Jacobs,Michael Thomas,DeAndre Hopkins,Cooper Kupp,Travis Kelce,Joe Mixon,Miami Dolphins,126.4,173.1,120.1,53,RB,PHI,NO,LV,NO,TEN,LA,KC,CIN,MIA,0,0,0,0,0,0
7885656,Trevor Lawrence,Joe Mixon,Alvin Kamara,Cooper Kupp,Ja'Marr Chase,Tyreek Hill,Darren Waller,Rachaad White,Cincinnati Bengals,126.4,172.9,120,52.9,RB,JAC,CIN,NO,LA,CIN,MIA,NYG,TB,CIN,0,0,0,0,0,0
7885650,Trevor Lawrence,Joe Mixon,Alvin Kamara,Cooper Kupp,Ja'Marr Chase,Tyreek Hill,Darren Waller,Rachaad White,Chicago Bears,126.4,172.8,119.2,53.6,RB,JAC,CIN,NO,LA,CIN,MIA,NYG,TB,CHI,0,0,0,0,0,0
3292504,Jalen Hurts,Alvin Kamara,Josh Jacobs,Michael Thomas,DeAndre Hopkins,Cooper Kupp,Mark Andrews,Ja'Marr Chase,Miami Dolphins,126.3,174.9,120,54.9,WR,PHI,NO,LV,NO,TEN,LA,BAL,CIN,MIA,0,0,0,0,0,0
5236954,Trevor Lawrence,Alvin Kamara,Josh Jacobs,Jerry Jeudy,Cooper Kupp,Ja'Marr Chase,T.J. Hockenson,Joe Mixon,Miami Dolphins,126.3,174.3,120.4,53.9,RB,JAC,NO,LV,DEN,LA,CIN,MIN,CIN,MIA,0,0,0,0,0,0
5236965,Trevor Lawrence,Alvin Kamara,Josh Jacobs,Jerry Jeudy,Cooper Kupp,Ja'Marr Chase,T.J. Hockenson,Joe Mixon,Minnesota Vikings,126.3,174.2,121,53.2,RB,JAC,NO,LV,DEN,LA,CIN,MIN,CIN,MIN,0,0,0,0,0,0
7210876,Jalen Hurts,Joe Mixon,Alvin Kamara,Cooper Kupp,Davante Adams,Ja'Marr Chase,Darren Waller,Rachaad White,Los Angeles Chargers,126.3,173.3,118.7,54.6,RB,PHI,CIN,NO,LA,LV,CIN,NYG,TB,LAC,0,0,0,0,0,0
5236295,Trevor Lawrence,Alvin Kamara,Josh Jacobs,Jerry Jeudy,Cooper Kupp,Ja'Marr Chase,Mark Andrews,Joe Mixon,San Francisco 49ers,126.3,173.2,119.9,53.3,RB,JAC,NO,LV,DEN,LA,CIN,BAL,CIN,SF,0,0,0,0,0,0
7210877,Jalen Hurts,Joe Mixon,Alvin Kamara,Cooper Kupp,Davante Adams,Ja'Marr Chase,Darren Waller,Rachaad White,Los Angeles Rams,126.2,174.3,119.4,54.9,RB,PHI,CIN,NO,LA,LV,CIN,NYG,TB,LA,0,0,0,0,0,0
7251079,Geno Smith,Alvin Kamara,Josh Jacobs,Cooper Kupp,Davante Adams,Ja'Marr Chase,Darren Waller,Joe Mixon,Miami Dolphins,126.2,174.1,119.7,54.4,RB,SEA,NO,LV,LA,LV,CIN,NYG,CIN,MIA,0,0,0,0,0,0
7885652,Trevor Lawrence,Joe Mixon,Alvin Kamara,Cooper Kupp,Ja'Marr Chase,Tyreek Hill,Darren Waller,Rachaad White,Los Angeles Rams,126.2,173.4,121,52.4,RB,JAC,CIN,NO,LA,CIN,MIA,NYG,TB,LA,0,0,0,0,0,0
5237125,Tua Tagovailoa,Alvin Kamara,Josh Jacobs,Jerry Jeudy,Cooper Kupp,Ja'Marr Chase,T.J. Hockenson,Joe Mixon,Chicago Bears,126.2,173.1,118.8,54.3,RB,MIA,NO,LV,DEN,LA,CIN,MIN,CIN,CHI,0,0,0,0,0,0
7249732,Geno Smith,Alvin Kamara,Josh Jacobs,Cooper Kupp,Davante Adams,Ja'Marr Chase,Dalton Schultz,Joe Mixon,Atlanta Falcons,126.2,173.1,120.3,52.8,RB,SEA,NO,LV,LA,LV,CIN,HOU,CIN,ATL,0,0,0,0,0,0
4470162,Trevor Lawrence,Joe Mixon,Alvin Kamara,Michael Thomas,Cooper Kupp,Ja'Marr Chase,Darren Waller,Tyreek Hill,Kansas City Chiefs,126.1,175.3,119.1,56.2,WR,JAC,CIN,NO,NO,LA,CIN,NYG,MIA,KC,0,0,0,0,0,0
4713154,Trevor Lawrence,Joe Mixon,Alvin Kamara,Jerry Jeudy,Cooper Kupp,Ja'Marr Chase,Darren Waller,Tyreek Hill,Miami Dolphins,126.1,174.7,119.2,55.5,WR,JAC,CIN,NO,DEN,LA,CIN,NYG,MIA,MIA,0,0,0,0,0,0
3023307,Josh Allen,Joe Mixon,Alvin Kamara,Michael Thomas,Jerry Jeudy,Cooper Kupp,T.J. Hockenson,Ja'Marr Chase,Atlanta Falcons,126.1,174.2,120,54.2,WR,BUF,CIN,NO,NO,DEN,LA,MIN,CIN,ATL,0,0,0,0,0,0
4956079,Geno Smith,Joe Mixon,Alvin Kamara,Calvin Ridley,Cooper Kupp,Ja'Marr Chase,Darren Waller,Tyreek Hill,Miami Dolphins,126.1,173.8,120,53.8,WR,SEA,CIN,NO,JAC,LA,CIN,NYG,MIA,MIA,0,0,0,0,0,0
4711807,Trevor Lawrence,Joe Mixon,Alvin Kamara,Jerry Jeudy,Cooper Kupp,Ja'Marr Chase,Dalton Schultz,Tyreek Hill,Atlanta Falcons,126.1,173.7,119.8,53.9,WR,JAC,CIN,NO,DEN,LA,CIN,HOU,MIA,ATL,0,0,0,0,0,0
7218082,Trevor Lawrence,Joe Mixon,Alvin Kamara,Cooper Kupp,Davante Adams,Ja'Marr Chase,Cole Kmet,Rachaad White,Atlanta Falcons,126.1,173.4,119.1,54.3,RB,JAC,CIN,NO,LA,LV,CIN,CHI,TB,ATL,0,0,0,0,0,0
5233804,Jalen Hurts,Alvin Kamara,Josh Jacobs,Jerry Jeudy,Cooper Kupp,Ja'Marr Chase,Cole Kmet,Joe Mixon,Miami Dolphins,126.1,173.1,117.7,55.4,RB,PHI,NO,LV,DEN,LA,CIN,CHI,CIN,MIA,0,0,0,0,0,0
7210657,Trevor Lawrence,Joe Mixon,Alvin Kamara,Cooper Kupp,Davante Adams,Ja'Marr Chase,Darren Waller,Rachaad White,Atlanta Falcons,126.1,172.9,119.8,53.1,RB,JAC,CIN,NO,LA,LV,CIN,NYG,TB,ATL,0,0,0,0,0,0
3266187,Jalen Hurts,Joe Mixon,Alvin Kamara,Michael Thomas,DeAndre Hopkins,Cooper Kupp,T.J. Hockenson,Ja'Marr Chase,Kansas City Chiefs,126,175.8,118.8,57,WR,PHI,CIN,NO,NO,TEN,LA,MIN,CIN,KC,0,0,0,0,0,0
3266275,Patrick Mahomes II,Joe Mixon,Alvin Kamara,Michael Thomas,DeAndre Hopkins,Cooper Kupp,T.J. Hockenson,Ja'Marr Chase,Chicago Bears,126,174.6,117.9,56.7,WR,KC,CIN,NO,NO,TEN,LA,MIN,CIN,CHI,0,0,0,0,0,0
3306454,Trevor Lawrence,Josh Jacobs,Christian McCaffrey,Michael Thomas,DeAndre Hopkins,Cooper Kupp,T.J. Hockenson,Alvin Kamara,Miami Dolphins,126,173.7,121.8,51.9,RB,JAC,LV,SF,NO,TEN,LA,MIN,NO,MIA,0,0,0,0,0,0
5237127,Tua Tagovailoa,Alvin Kamara,Josh Jacobs,Jerry Jeudy,Cooper Kupp,Ja'Marr Chase,T.J. Hockenson,Joe Mixon,Los Angeles Rams,126,173.7,120.6,53.1,RB,MIA,NO,LV,DEN,LA,CIN,MIN,CIN,LA,0,0,0,0,0,0
7210829,Tua Tagovailoa,Joe Mixon,Alvin Kamara,Cooper Kupp,Davante Adams,Ja'Marr Chase,Darren Waller,Rachaad White,Miami Dolphins,126,173.3,119.4,53.9,RB,MIA,CIN,NO,LA,LV,CIN,NYG,TB,MIA,0,0,0,0,0,0
5223677,Jalen Hurts,Alvin Kamara,Josh Jacobs,Jerry Jeudy,Cooper Kupp,Ja'Marr Chase,T.J. Hockenson,Rachaad White,Los Angeles Rams,126,172.9,121,51.9,RB,PHI,NO,LV,DEN,LA,CIN,MIN,TB,LA,0,0,0,0,0,0
4497032,Sam Howell,Alvin Kamara,Josh Jacobs,Michael Thomas,Cooper Kupp,Ja'Marr Chase,Darren Waller,Tyreek Hill,Atlanta Falcons,126,175.2,119,56.2,WR,WAS,NO,LV,NO,LA,CIN,NYG,MIA,ATL,0,0,0,0,0,0
3306457,Trevor Lawrence,Alvin Kamara,Tony Pollard,Michael Thomas,DeAndre Hopkins,Cooper Kupp,T.J. Hockenson,Ja'Marr Chase,Atlanta Falcons,125.9,174.8,120,54.8,WR,JAC,NO,DAL,NO,TEN,LA,MIN,CIN,ATL,0,0,0,0,0,0
3266276,Patrick Mahomes II,Joe Mixon,Alvin Kamara,Michael Thomas,DeAndre Hopkins,Cooper Kupp,T.J. Hockenson,Ja'Marr Chase,Los Angeles Chargers,125.9,174.2,119,55.2,WR,KC,CIN,NO,NO,TEN,LA,MIN,CIN,LAC,0,0,0,0,0,0
3289904,Patrick Mahomes II,Alvin Kamara,Josh Jacobs,Michael Thomas,DeAndre Hopkins,Cooper Kupp,Cole Kmet,Ja'Marr Chase,Miami Dolphins,125.9,173.7,118.7,55,WR,KC,NO,LV,NO,TEN,LA,CHI,CIN,MIA,0,0,0,0,0,0
3266207,Lamar Jackson,Joe Mixon,Alvin Kamara,Michael Thomas,DeAndre Hopkins,Cooper Kupp,T.J. Hockenson,Ja'Marr Chase,Atlanta Falcons,125.9,175,119.9,55.1,WR,BAL,CIN,NO,NO,TEN,LA,MIN,CIN,ATL,0,0,0,0,0,0
4497150,Trevor Lawrence,Alvin Kamara,Josh Jacobs,Michael Thomas,Cooper Kupp,Ja'Marr Chase,Darren Waller,Tyreek Hill,Chicago Bears,125.9,174.8,118.5,56.3,WR,JAC,NO,LV,NO,LA,CIN,NYG,MIA,CHI,0,0,0,0,0,0
3349657,Trevor Lawrence,Alvin Kamara,Christian McCaffrey,Michael Thomas,DeAndre Hopkins,Cooper Kupp,Darren Waller,Ja'Marr Chase,Atlanta Falcons,125.9,174.7,120.1,54.6,WR,JAC,NO,SF,NO,TEN,LA,NYG,CIN,ATL,0,0,0,0,0,0
4483657,Trevor Lawrence,Joe Mixon,Isiah Pacheco,Michael Thomas,Cooper Kupp,Ja'Marr Chase,Darren Waller,Tyreek Hill,Atlanta Falcons,125.9,174,118.4,55.6,WR,JAC,CIN,KC,NO,LA,CIN,NYG,MIA,ATL,0,0,0,0,0,0
3265507,Jalen Hurts,Joe Mixon,Alvin Kamara,Michael Thomas,DeAndre Hopkins,Cooper Kupp,Mark Andrews,Ja'Marr Chase,Atlanta Falcons,125.9,173.8,118.7,55.1,WR,PHI,CIN,NO,NO,TEN,LA,BAL,CIN,ATL,0,0,0,0,0,0
3293175,Jalen Hurts,Alvin Kamara,Josh Jacobs,Michael Thomas,DeAndre Hopkins,Cooper Kupp,T.J. Hockenson,Ja'Marr Chase,Chicago Bears,125.8,175.3,118.2,57.1,WR,PHI,NO,LV,NO,TEN,LA,MIN,CIN,CHI,0,0,0,0,0,0
3266277,Patrick Mahomes II,Joe Mixon,Alvin Kamara,Michael Thomas,DeAndre Hopkins,Cooper Kupp,T.J. Hockenson,Ja'Marr Chase,Los Angeles Rams,125.8,175.2,119.7,55.5,WR,KC,CIN,NO,NO,TEN,LA,MIN,CIN,LA,0,0,0,0,0,0
3994954,Trevor Lawrence,Joe Mixon,Alvin Kamara,DeAndre Hopkins,Chris Godwin,Ja'Marr Chase,T.J. Hockenson,Tyreek Hill,Miami Dolphins,125.8,175.1,119.8,55.3,WR,JAC,CIN,NO,TEN,TB,CIN,MIN,MIA,MIA,0,0,0,0,0,0
3279682,Jalen Hurts,Joe Mixon,Isiah Pacheco,Michael Thomas,DeAndre Hopkins,Cooper Kupp,T.J. Hockenson,Ja'Marr Chase,Atlanta Falcons,125.8,174.5,118.1,56.4,WR,PHI,CIN,KC,NO,TEN,LA,MIN,CIN,ATL,0,0,0,0,0,0
7912382,Daniel Jones,Alvin Kamara,Josh Jacobs,Cooper Kupp,Ja'Marr Chase,Tyreek Hill,Darren Waller,Rachaad White,Atlanta Falcons,125.8,174.3,115.3,59,RB,NYG,NO,LV,LA,CIN,MIA,NYG,TB,ATL,0,0,1,0,0,1
3050207,Lamar Jackson,Alvin Kamara,Josh Jacobs,Michael Thomas,Jerry Jeudy,Cooper Kupp,T.J. Hockenson,Ja'Marr Chase,Atlanta Falcons,125.8,174,120.2,53.8,WR,BAL,NO,LV,NO,DEN,LA,MIN,CIN,ATL,0,0,0,0,0,0
4429882,Jalen Hurts,Rachaad White,Joe Mixon,Michael Thomas,Cooper Kupp,Ja'Marr Chase,Darren Waller,Tyreek Hill,Atlanta Falcons,125.8,173.7,118.3,55.4,WR,PHI,TB,CIN,NO,LA,CIN,NYG,MIA,ATL,0,0,0,0,0,0
4497151,Trevor Lawrence,Alvin Kamara,Josh Jacobs,Michael Thomas,Cooper Kupp,Ja'Marr Chase,Darren Waller,Tyreek Hill,Los Angeles Chargers,125.8,174.4,119.6,54.8,WR,JAC,NO,LV,NO,LA,CIN,NYG,MIA,LAC,0,0,0,0,0,0
3265629,Josh Allen,Joe Mixon,Alvin Kamara,Michael Thomas,DeAndre Hopkins,Cooper Kupp,Mark Andrews,Ja'Marr Chase,Miami Dolphins,125.8,173.9,120.2,53.7,WR,BUF,CIN,NO,NO,TEN,LA,BAL,CIN,MIA,0,0,0,0,0,0
7885537,Sam Howell,Joe Mixon,Alvin Kamara,Cooper Kupp,Ja'Marr Chase,Tyreek Hill,Darren Waller,Rachaad White,Kansas City Chiefs,125.8,172.8,119,53.8,RB,WAS,CIN,NO,LA,CIN,MIA,NYG,TB,KC,0,0,0,0,0,0
3293176,Jalen Hurts,Alvin Kamara,Josh Jacobs,Michael Thomas,DeAndre Hopkins,Cooper Kupp,T.J. Hockenson,Ja'Marr Chase,Los Angeles Chargers,125.7,174.9,119.3,55.6,WR,PHI,NO,LV,NO,TEN,LA,MIN,CIN,LAC,0,0,0,0,0,0
6249182,Daniel Jones,Alvin Kamara,Josh Jacobs,DeAndre Hopkins,Cooper Kupp,Tyreek Hill,T.J. Hockenson,Joe Mixon,Atlanta Falcons,125.7,174.6,115.5,59.1,RB,NYG,NO,LV,TEN,LA,MIA,MIN,CIN,ATL,0,0,0,0,0,0
5574332,Sam Howell,Alvin Kamara,Josh Jacobs,Michael Thomas,Cooper Kupp,Tyreek Hill,T.J. Hockenson,Joe Mixon,Atlanta Falcons,125.7,173.1,119.4,53.7,RB,WAS,NO,LV,NO,LA,MIA,MIN,CIN,ATL,0,0,0,0,0,0
4497152,Trevor Lawrence,Alvin Kamara,Josh Jacobs,Michael Thomas,Cooper Kupp,Ja'Marr Chase,Darren Waller,Tyreek Hill,Los Angeles Rams,125.7,175.4,120.3,55.1,WR,JAC,NO,LV,NO,LA,CIN,NYG,MIA,LA,0,0,0,0,0,0
7251029,Sam Howell,Alvin Kamara,Josh Jacobs,Cooper Kupp,Davante Adams,Ja'Marr Chase,Darren Waller,Joe Mixon,Miami Dolphins,125.7,175.2,118,57.2,RB,WAS,NO,LV,LA,LV,CIN,NYG,CIN,MIA,0,0,0,0,0,0
7249682,Sam Howell,Alvin Kamara,Josh Jacobs,Cooper Kupp,Davante Adams,Ja'Marr Chase,Dalton Schultz,Joe Mixon,Atlanta Falcons,125.7,174.2,118.6,55.6,RB,WAS,NO,LV,LA,LV,CIN,HOU,CIN,ATL,0,0,0,0,0,0
3293177,Jalen Hurts,Alvin Kamara,Josh Jacobs,Michael Thomas,DeAndre Hopkins,Cooper Kupp,T.J. Hockenson,Ja'Marr Chase,Los Angeles Rams,125.6,175.9,120,55.9,WR,PHI,NO,LV,NO,TEN,LA,MIN,CIN,LA,0,0,0,0,0,0
4956029,Sam Howell,Joe Mixon,Alvin Kamara,Calvin Ridley,Cooper Kupp,Ja'Marr Chase,Darren Waller,Tyreek Hill,Miami Dolphins,125.6,174.9,118.3,56.6,WR,WAS,CIN,NO,JAC,LA,CIN,NYG,MIA,MIA,0,0,0,0,0,0
4954682,Sam Howell,Joe Mixon,Alvin Kamara,Calvin Ridley,Cooper Kupp,Ja'Marr Chase,Dalton Schultz,Tyreek Hill,Atlanta Falcons,125.6,173.9,118.9,55,WR,WAS,CIN,NO,JAC,LA,CIN,HOU,MIA,ATL,0,0,0,0,0,0
7210670,Trevor Lawrence,Joe Mixon,Alvin Kamara,Cooper Kupp,Davante Adams,Ja'Marr Chase,Darren Waller,Rachaad White,San Francisco 49ers,125.6,173.8,118.7,55.1,RB,JAC,CIN,NO,LA,LV,CIN,NYG,TB,SF,0,0,0,0,0,0
3291157,Jalen Hurts,Alvin Kamara,Josh Jacobs,Michael Thomas,DeAndre Hopkins,Cooper Kupp,Evan Engram,Ja'Marr Chase,Atlanta Falcons,125.6,173.7,119.1,54.6,WR,PHI,NO,LV,NO,TEN,LA,JAC,CIN,ATL,0,0,0,0,0,0
7264404,Jimmy Garoppolo,Alvin Kamara,Tony Pollard,Cooper Kupp,Davante Adams,Ja'Marr Chase,Darren Waller,Joe Mixon,Miami Dolphins,125.6,172.9,116.4,56.5,RB,LV,NO,DAL,LA,LV,CIN,NYG,CIN,MIA,1,0,0,0,0,1
5574456,Trevor Lawrence,Alvin Kamara,Josh Jacobs,Michael Thomas,Cooper Kupp,Tyreek Hill,T.J. Hockenson,Joe Mixon,Cincinnati Bengals,125.6,172.8,119.7,53.1,RB,JAC,NO,LV,NO,LA,MIA,MIN,CIN,CIN,0,0,0,0,0,0
7249800,Trevor Lawrence,Alvin Kamara,Josh Jacobs,Cooper Kupp,Davante Adams,Ja'Marr Chase,Dalton Schultz,Joe Mixon,Chicago Bears,125.6,173.8,118.1,55.7,RB,JAC,NO,LV,LA,LV,CIN,HOU,CIN,CHI,0,0,0,0,0,0
4470154,Trevor Lawrence,Joe Mixon,Alvin Kamara,Michael Thomas,Cooper Kupp,Ja'Marr Chase,Darren Waller,Tyreek Hill,Miami Dolphins,125.5,175.3,118.4,56.9,WR,JAC,CIN,NO,NO,LA,CIN,NYG,MIA,MIA,0,0,0,0,0,0
3319957,Trevor Lawrence,Alvin Kamara,Kyren Williams,Michael Thomas,DeAndre Hopkins,Cooper Kupp,T.J. Hockenson,Ja'Marr Chase,Atlanta Falcons,125.5,174.7,119.4,55.3,WR,JAC,NO,LA,NO,TEN,LA,MIN,CIN,ATL,0,0,0,0,0,0
3292957,Trevor Lawrence,Alvin Kamara,Josh Jacobs,Michael Thomas,DeAndre Hopkins,Cooper Kupp,T.J. Hockenson,Ja'Marr Chase,Atlanta Falcons,125.5,174.5,120.4,54.1,WR,JAC,NO,LV,NO,TEN,LA,MIN,CIN,ATL,0,0,0,0,0,0
4468807,Trevor Lawrence,Joe Mixon,Alvin Kamara,Michael Thomas,Cooper Kupp,Ja'Marr Chase,Dalton Schultz,Tyreek Hill,Atlanta Falcons,125.5,174.3,119,55.3,WR,JAC,CIN,NO,NO,LA,CIN,HOU,MIA,ATL,0,0,0,0,0,0
3023279,Patrick Mahomes II,Joe Mixon,Alvin Kamara,Michael Thomas,Jerry Jeudy,Cooper Kupp,T.J. Hockenson,Ja'Marr Chase,Miami Dolphins,125.5,174.1,118.1,56,WR,KC,CIN,NO,NO,DEN,LA,MIN,CIN,MIA,0,0,0,0,0,0
3266278,Patrick Mahomes II,Joe Mixon,Alvin Kamara,Michael Thomas,DeAndre Hopkins,Cooper Kupp,T.J. Hockenson,Ja'Marr Chase,Carolina Panthers,125.5,174,116.8,57.2,WR,KC,CIN,NO,NO,TEN,LA,MIN,CIN,CAR,0,0,0,0,0,0
3292529,Lamar Jackson,Alvin Kamara,Josh Jacobs,Michael Thomas,DeAndre Hopkins,Cooper Kupp,Mark Andrews,Ja'Marr Chase,Miami Dolphins,125.5,173.7,120.4,53.3,WR,BAL,NO,LV,NO,TEN,LA,BAL,CIN,MIA,0,0,1,0,0,1
5250332,Sam Howell,Alvin Kamara,Tony Pollard,Jerry Jeudy,Cooper Kupp,Ja'Marr Chase,T.J. Hockenson,Joe Mixon,Atlanta Falcons,125.5,173,117.9,55.1,RB,WAS,NO,DAL,DEN,LA,CIN,MIN,CIN,ATL,0,0,0,0,0,0
7249801,Trevor Lawrence,Alvin Kamara,Josh Jacobs,Cooper Kupp,Davante Adams,Ja'Marr Chase,Dalton Schultz,Joe Mixon,Los Angeles Chargers,125.5,173.4,119.2,54.2,RB,JAC,NO,LV,LA,LV,CIN,HOU,CIN,LAC,0,0,0,0,0,0
5293532,Sam Howell,Alvin Kamara,Christian McCaffrey,Jerry Jeudy,Cooper Kupp,Ja'Marr Chase,Darren Waller,Joe Mixon,Atlanta Falcons,125.5,172.9,118,54.9,RB,WAS,NO,SF,DEN,LA,CIN,NYG,CIN,ATL,0,0,0,0,0,0
3266179,Jalen Hurts,Joe Mixon,Alvin Kamara,Michael Thomas,DeAndre Hopkins,Cooper Kupp,T.J. Hockenson,Ja'Marr Chase,Miami Dolphins,125.4,175.8,118.1,57.7,WR,PHI,CIN,NO,NO,TEN,LA,MIN,CIN,MIA,0,0,0,0,0,0
3266190,Jalen Hurts,Joe Mixon,Alvin Kamara,Michael Thomas,DeAndre Hopkins,Cooper Kupp,T.J. Hockenson,Ja'Marr Chase,Minnesota Vikings,125.4,175.7,118.7,57,WR,PHI,CIN,NO,NO,TEN,LA,MIN,CIN,MIN,0,0,0,0,0,0
3293129,Tua Tagovailoa,Alvin Kamara,Josh Jacobs,Michael Thomas,DeAndre Hopkins,Cooper Kupp,T.J. Hockenson,Ja'Marr Chase,Miami Dolphins,125.4,174.9,120,54.9,WR,MIA,NO,LV,NO,TEN,LA,MIN,CIN,MIA,0,0,0,0,0,0
4474207,Trevor Lawrence,Joe Mixon,Alvin Kamara,Michael Thomas,Cooper Kupp,Ja'Marr Chase,Zach Ertz,Tyreek Hill,Atlanta Falcons,125.4,174,118.8,55.2,WR,JAC,CIN,NO,NO,LA,CIN,ARI,MIA,ATL,0,0,0,0,0,0
3535954,Trevor Lawrence,Alvin Kamara,Josh Jacobs,Michael Thomas,DeAndre Hopkins,Cooper Kupp,T.J. Hockenson,Tyreek Hill,Miami Dolphins,125.4,173.9,120.9,53,WR,JAC,NO,LV,NO,TEN,LA,MIN,MIA,MIA,0,0,0,0,0,0
5574452,Trevor Lawrence,Alvin Kamara,Josh Jacobs,Michael Thomas,Cooper Kupp,Tyreek Hill,T.J. Hockenson,Joe Mixon,Los Angeles Rams,125.4,173.3,120.7,52.6,RB,JAC,NO,LV,NO,LA,MIA,MIN,CIN,LA,0,0,0,0,0,0
7210902,Lamar Jackson,Joe Mixon,Alvin Kamara,Cooper Kupp,Davante Adams,Ja'Marr Chase,Darren Waller,Rachaad White,Los Angeles Rams,125.4,173.1,119.8,53.3,RB,BAL,CIN,NO,LA,LV,CIN,NYG,TB,LA,0,0,0,0,0,0
7912527,Sam Howell,Alvin Kamara,Josh Jacobs,Cooper Kupp,Ja'Marr Chase,Tyreek Hill,Darren Waller,Rachaad White,Los Angeles Rams,125.4,172.9,120.2,52.7,RB,WAS,NO,LV,LA,CIN,MIA,NYG,TB,LA,0,0,0,0,0,0
2942179,Jalen Hurts,Alvin Kamara,Christian McCaffrey,Michael Thomas,Jerry Jeudy,Cooper Kupp,T.J. Hockenson,Joe Mixon,Miami Dolphins,125.4,172.9,118.5,54.4,RB,PHI,NO,SF,NO,DEN,LA,MIN,CIN,MIA,0,0,0,0,0,0
3265520,Jalen Hurts,Joe Mixon,Alvin Kamara,Michael Thomas,DeAndre Hopkins,Cooper Kupp,Mark Andrews,Ja'Marr Chase,San Francisco 49ers,125.4,174.7,117.6,57.1,WR,PHI,CIN,NO,NO,TEN,LA,BAL,CIN,SF,0,0,0,0,0,0
7249802,Trevor Lawrence,Alvin Kamara,Josh Jacobs,Cooper Kupp,Davante Adams,Ja'Marr Chase,Dalton Schultz,Joe Mixon,Los Angeles Rams,125.4,174.4,119.9,54.5,RB,JAC,NO,LV,LA,LV,CIN,HOU,CIN,LA,0,0,0,0,0,0
3363157,Trevor Lawrence,Josh Jacobs,Christian McCaffrey,Michael Thomas,DeAndre Hopkins,Cooper Kupp,Darren Waller,Ja'Marr Chase,Atlanta Falcons,125.4,174.2,119.9,54.3,WR,JAC,LV,SF,NO,TEN,LA,NYG,CIN,ATL,0,0,0,0,0,0
7251104,Joshua Dobbs,Alvin Kamara,Josh Jacobs,Cooper Kupp,Davante Adams,Ja'Marr Chase,Darren Waller,Joe Mixon,Miami Dolphins,125.4,173.2,118,55.2,RB,ARI,NO,LV,LA,LV,CIN,NYG,CIN,MIA,0,0,0,0,0,0
5292304,Trevor Lawrence,Alvin Kamara,Christian McCaffrey,Jerry Jeudy,Cooper Kupp,Ja'Marr Chase,Dalton Schultz,Joe Mixon,Miami Dolphins,125.4,173.1,119.3,53.8,RB,JAC,NO,SF,DEN,LA,CIN,HOU,CIN,MIA,0,0,0,0,0,0
3050179,Jalen Hurts,Alvin Kamara,Josh Jacobs,Michael Thomas,Jerry Jeudy,Cooper Kupp,T.J. Hockenson,Ja'Marr Chase,Miami Dolphins,125.3,174.8,118.4,56.4,WR,PHI,NO,LV,NO,DEN,LA,MIN,CIN,MIA,0,0,0,0,0,0
3293178,Jalen Hurts,Alvin Kamara,Josh Jacobs,Michael Thomas,DeAndre Hopkins,Cooper Kupp,T.J. Hockenson,Ja'Marr Chase,Carolina Panthers,125.3,174.7,117.1,57.6,WR,PHI,NO,LV,NO,TEN,LA,MIN,CIN,CAR,0,0,0,0,0,0
4740029,Sam Howell,Alvin Kamara,Josh Jacobs,Jerry Jeudy,Cooper Kupp,Ja'Marr Chase,Darren Waller,Tyreek Hill,Miami Dolphins,125.3,174.2,118.4,55.8,WR,WAS,NO,LV,DEN,LA,CIN,NYG,MIA,MIA,0,0,0,0,0,0
4954802,Trevor Lawrence,Joe Mixon,Alvin Kamara,Calvin Ridley,Cooper Kupp,Ja'Marr Chase,Dalton Schultz,Tyreek Hill,Los Angeles Rams,125.3,174.1,120.2,53.9,WR,JAC,CIN,NO,JAC,LA,CIN,HOU,MIA,LA,1,0,0,0,0,1
3509175,Jalen Hurts,Joe Mixon,Alvin Kamara,Michael Thomas,DeAndre Hopkins,Cooper Kupp,T.J. Hockenson,Tyreek Hill,Chicago Bears,125.3,173.6,117.4,56.2,WR,PHI,CIN,NO,NO,TEN,LA,MIN,MIA,CHI,0,0,0,0,0,0
6249327,Sam Howell,Alvin Kamara,Josh Jacobs,DeAndre Hopkins,Cooper Kupp,Tyreek Hill,T.J. Hockenson,Joe Mixon,Los Angeles Rams,125.3,173.2,120.4,52.8,RB,WAS,NO,LV,TEN,LA,MIA,MIN,CIN,LA,0,0,0,0,0,0
3266300,Josh Allen,Joe Mixon,Alvin Kamara,Michael Thomas,DeAndre Hopkins,Cooper Kupp,T.J. Hockenson,Ja'Marr Chase,Chicago Bears,125.3,174.3,118.4,55.9,WR,BUF,CIN,NO,NO,TEN,LA,MIN,CIN,CHI,0,0,0,0,0,0
7250982,Bryce Young,Alvin Kamara,Josh Jacobs,Cooper Kupp,Davante Adams,Ja'Marr Chase,Darren Waller,Joe Mixon,Atlanta Falcons,125.3,173,118.7,54.3,RB,CAR,NO,LV,LA,LV,CIN,NYG,CIN,ATL,0,0,0,0,0,0
3306462,Trevor Lawrence,Alvin Kamara,Tony Pollard,Michael Thomas,DeAndre Hopkins,Cooper Kupp,T.J. Hockenson,Ja'Marr Chase,Kansas City Chiefs,125.2,174.4,119.3,55.1,WR,JAC,NO,DAL,NO,TEN,LA,MIN,CIN,KC,0,0,0,0,0,0
3295895,Jalen Hurts,Alvin Kamara,Tony Pollard,Michael Thomas,DeAndre Hopkins,Cooper Kupp,Darren Waller,Ja'Marr Chase,San Francisco 49ers,125.2,174,116.9,57.1,WR,PHI,NO,DAL,NO,TEN,LA,NYG,CIN,SF,0,0,0,0,0,0
4456877,Jalen Hurts,Rachaad White,Alvin Kamara,Michael Thomas,Cooper Kupp,Ja'Marr Chase,Darren Waller,Tyreek Hill,Los Angeles Rams,125.2,173.9,119,54.9,WR,PHI,TB,NO,NO,LA,CIN,NYG,MIA,LA,0,0,0,0,0,0
3306002,Jalen Hurts,Alvin Kamara,Tony Pollard,Michael Thomas,DeAndre Hopkins,Cooper Kupp,Mark Andrews,Ja'Marr Chase,Los Angeles Rams,125.2,173.8,118.8,55,WR,PHI,NO,DAL,NO,TEN,LA,BAL,CIN,LA,0,0,0,0,0,0
5250452,Trevor Lawrence,Alvin Kamara,Tony Pollard,Jerry Jeudy,Cooper Kupp,Ja'Marr Chase,T.J. Hockenson,Joe Mixon,Los Angeles Rams,125.2,173.2,119.2,54,RB,JAC,NO,DAL,DEN,LA,CIN,MIN,CIN,LA,0,0,0,0,0,0
3266629,Trevor Lawrence,Joe Mixon,Alvin Kamara,Michael Thomas,DeAndre Hopkins,Cooper Kupp,Travis Kelce,Ja'Marr Chase,Miami Dolphins,125.2,175.4,119,56.4,WR,JAC,CIN,NO,NO,TEN,LA,KC,CIN,MIA,0,0,0,0,0,0
3266212,Lamar Jackson,Joe Mixon,Alvin Kamara,Michael Thomas,DeAndre Hopkins,Cooper Kupp,T.J. Hockenson,Ja'Marr Chase,Kansas City Chiefs,125.2,174.6,119.2,55.4,WR,BAL,CIN,NO,NO,TEN,LA,MIN,CIN,KC,0,0,0,0,0,0
3349662,Trevor Lawrence,Alvin Kamara,Christian McCaffrey,Michael Thomas,DeAndre Hopkins,Cooper Kupp,Darren Waller,Ja'Marr Chase,Kansas City Chiefs,125.2,174.3,119.4,54.9,WR,JAC,NO,SF,NO,TEN,LA,NYG,CIN,KC,0,0,0,0,0,0
3266301,Josh Allen,Joe Mixon,Alvin Kamara,Michael Thomas,DeAndre Hopkins,Cooper Kupp,T.J. Hockenson,Ja'Marr Chase,Los Angeles Chargers,125.2,173.9,119.5,54.4,WR,BUF,CIN,NO,NO,TEN,LA,MIN,CIN,LAC,0,0,0,0,0,0
4497079,Geno Smith,Alvin Kamara,Josh Jacobs,Michael Thomas,Cooper Kupp,Ja'Marr Chase,Darren Waller,Tyreek Hill,Miami Dolphins,125.2,173.7,119.3,54.4,WR,SEA,NO,LV,NO,LA,CIN,NYG,MIA,MIA,0,0,0,0,0,0
5293652,Trevor Lawrence,Alvin Kamara,Christian McCaffrey,Jerry Jeudy,Cooper Kupp,Ja'Marr Chase,Darren Waller,Joe Mixon,Los Angeles Rams,125.2,173.1,119.3,53.8,RB,JAC,NO,SF,DEN,LA,CIN,NYG,CIN,LA,0,0,0,0,0,0
7885529,Sam Howell,Joe Mixon,Alvin Kamara,Cooper Kupp,Ja'Marr Chase,Tyreek Hill,Darren Waller,Rachaad White,Miami Dolphins,125.2,172.8,118.3,54.5,RB,WAS,CIN,NO,LA,CIN,MIA,NYG,TB,MIA,0,0,0,0,0,0
3266302,Josh Allen,Joe Mixon,Alvin Kamara,Michael Thomas,DeAndre Hopkins,Cooper Kupp,T.J. Hockenson,Ja'Marr Chase,Los Angeles Rams,125.1,174.9,120.2,54.7,WR,BUF,CIN,NO,NO,TEN,LA,MIN,CIN,LA,0,0,0,0,0,0
3509177,Jalen Hurts,Joe Mixon,Alvin Kamara,Michael Thomas,DeAndre Hopkins,Cooper Kupp,T.J. Hockenson,Tyreek Hill,Los Angeles Rams,125.1,174.2,119.2,55,WR,PHI,CIN,NO,NO,TEN,LA,MIN,MIA,LA,0,0,0,0,0,0
7249803,Trevor Lawrence,Alvin Kamara,Josh Jacobs,Cooper Kupp,Davante Adams,Ja'Marr Chase,Dalton Schultz,Joe Mixon,Carolina Panthers,125.1,173.2,117,56.2,RB,JAC,NO,LV,LA,LV,CIN,HOU,CIN,CAR,0,0,0,0,0,0
7264382,Daniel Jones,Alvin Kamara,Tony Pollard,Cooper Kupp,Davante Adams,Ja'Marr Chase,Darren Waller,Joe Mixon,Atlanta Falcons,125,175.5,111.9,63.6,RB,NYG,NO,DAL,LA,LV,CIN,NYG,CIN,ATL,0,0,1,0,0,1
3292970,Trevor Lawrence,Alvin Kamara,Josh Jacobs,Michael Thomas,DeAndre Hopkins,Cooper Kupp,T.J. Hockenson,Ja'Marr Chase,San Francisco 49ers,125,175.4,119.3,56.1,WR,JAC,NO,LV,NO,TEN,LA,MIN,CIN,SF,0,0,0,0,0,0
7588382,Daniel Jones,Alvin Kamara,Josh Jacobs,Cooper Kupp,Ja'Marr Chase,Stefon Diggs,Darren Waller,Joe Mixon,Atlanta Falcons,125,174.7,113.5,61.2,RB,NYG,NO,LV,LA,CIN,BUF,NYG,CIN,ATL,0,0,1,0,0,1
3293200,Lamar Jackson,Alvin Kamara,Josh Jacobs,Michael Thomas,DeAndre Hopkins,Cooper Kupp,T.J. Hockenson,Ja'Marr Chase,Chicago Bears,125,174.1,118.6,55.5,WR,BAL,NO,LV,NO,TEN,LA,MIN,CIN,CHI,0,0,0,0,0,0
3266132,Tua Tagovailoa,Joe Mixon,Alvin Kamara,Michael Thomas,DeAndre Hopkins,Cooper Kupp,T.J. Hockenson,Ja'Marr Chase,Atlanta Falcons,125,173.8,118.7,55.1,WR,MIA,CIN,NO,NO,TEN,LA,MIN,CIN,ATL,0,0,0,0,0,0
7251030,Sam Howell,Alvin Kamara,Josh Jacobs,Cooper Kupp,Davante Adams,Ja'Marr Chase,Darren Waller,Joe Mixon,Las Vegas Raiders,125,173.3,117.9,55.4,RB,WAS,NO,LV,LA,LV,CIN,NYG,CIN,LV,0,0,0,0,0,0
3293201,Lamar Jackson,Alvin Kamara,Josh Jacobs,Michael Thomas,DeAndre Hopkins,Cooper Kupp,T.J. Hockenson,Ja'Marr Chase,Los Angeles Chargers,124.9,173.7,119.7,54,WR,BAL,NO,LV,NO,TEN,LA,MIN,CIN,LAC,0,0,0,0,0,0
3023182,Jalen Hurts,Joe Mixon,Alvin Kamara,Michael Thomas,Jerry Jeudy,Cooper Kupp,T.J. Hockenson,Ja'Marr Chase,Atlanta Falcons,124.9,173.7,117.1,56.6,WR,PHI,CIN,NO,NO,DEN,LA,MIN,CIN,ATL,0,0,0,0,0,0
7209527,Jalen Hurts,Joe Mixon,Alvin Kamara,Cooper Kupp,Davante Adams,Ja'Marr Chase,Dalton Schultz,Rachaad White,Los Angeles Rams,124.9,172.9,118.6,54.3,RB,PHI,CIN,NO,LA,LV,CIN,HOU,TB,LA,0,0,0,0,0,0
7925875,Daniel Jones,Alvin Kamara,Josh Jacobs,Cooper Kupp,Ja'Marr Chase,Tyreek Hill,Darren Waller,Joe Mixon,Chicago Bears,124.9,175.1,111.7,63.4,RB,NYG,NO,LV,LA,CIN,MIA,NYG,CIN,CHI,0,0,1,0,0,1
7251177,Russell Wilson,Alvin Kamara,Josh Jacobs,Cooper Kupp,Davante Adams,Ja'Marr Chase,Darren Waller,Joe Mixon,Los Angeles Rams,124.9,173.1,119.3,53.8,RB,DEN,NO,LV,LA,LV,CIN,NYG,CIN,LA,0,0,0,0,0,0
3293202,Lamar Jackson,Alvin Kamara,Josh Jacobs,Michael Thomas,DeAndre Hopkins,Cooper Kupp,T.J. Hockenson,Ja'Marr Chase,Los Angeles Rams,124.8,174.7,120.4,54.3,WR,BAL,NO,LV,NO,TEN,LA,MIN,CIN,LA,0,0,0,0,0,0
7925876,Daniel Jones,Alvin Kamara,Josh Jacobs,Cooper Kupp,Ja'Marr Chase,Tyreek Hill,Darren Waller,Joe Mixon,Los Angeles Chargers,124.8,174.7,112.8,61.9,RB,NYG,NO,LV,LA,CIN,MIA,NYG,CIN,LAC,0,0,1,0,0,1
3292962,Trevor Lawrence,Alvin Kamara,Josh Jacobs,Michael Thomas,DeAndre Hopkins,Cooper Kupp,T.J. Hockenson,Ja'Marr Chase,Kansas City Chiefs,124.8,174.1,119.7,54.4,WR,JAC,NO,LV,NO,TEN,LA,MIN,CIN,KC,0,0,0,0,0,0
5320382,Daniel Jones,Josh Jacobs,Christian McCaffrey,Jerry Jeudy,Cooper Kupp,Ja'Marr Chase,Darren Waller,Alvin Kamara,Atlanta Falcons,124.8,174,113.6,60.4,RB,NYG,LV,SF,DEN,LA,CIN,NYG,NO,ATL,0,0,1,0,0,1
4468812,Trevor Lawrence,Joe Mixon,Alvin Kamara,Michael Thomas,Cooper Kupp,Ja'Marr Chase,Dalton Schultz,Tyreek Hill,Kansas City Chiefs,124.8,173.9,118.3,55.6,WR,JAC,CIN,NO,NO,LA,CIN,HOU,MIA,KC,0,0,0,0,0,0
3023304,Josh Allen,Joe Mixon,Alvin Kamara,Michael Thomas,Jerry Jeudy,Cooper Kupp,T.J. Hockenson,Ja'Marr Chase,Miami Dolphins,124.8,173.8,118.6,55.2,WR,BUF,CIN,NO,NO,DEN,LA,MIN,CIN,MIA,0,0,0,0,0,0
3282395,Jalen Hurts,Alvin Kamara,Josh Jacobs,Michael Thomas,DeAndre Hopkins,Cooper Kupp,Darren Waller,Ja'Marr Chase,San Francisco 49ers,124.8,173.7,117.3,56.4,WR,PHI,NO,LV,NO,TEN,LA,NYG,CIN,SF,0,0,0,0,0,0
7587179,Sam Howell,Alvin Kamara,Josh Jacobs,Cooper Kupp,Ja'Marr Chase,Stefon Diggs,Dalton Schultz,Joe Mixon,Miami Dolphins,124.8,173.3,118.4,54.9,RB,WAS,NO,LV,LA,CIN,BUF,HOU,CIN,MIA,0,0,0,0,0,0
5587829,Sam Howell,Alvin Kamara,Tony Pollard,Michael Thomas,Cooper Kupp,Tyreek Hill,T.J. Hockenson,Joe Mixon,Miami Dolphins,124.8,173,117.6,55.4,RB,WAS,NO,DAL,NO,LA,MIA,MIN,CIN,MIA,0,0,0,0,0,0
7218079,Trevor Lawrence,Joe Mixon,Alvin Kamara,Cooper Kupp,Davante Adams,Ja'Marr Chase,Cole Kmet,Rachaad White,Miami Dolphins,124.8,173,117.7,55.3,RB,JAC,CIN,NO,LA,LV,CIN,CHI,TB,MIA,0,0,0,0,0,0
5236952,Trevor Lawrence,Alvin Kamara,Josh Jacobs,Jerry Jeudy,Cooper Kupp,Ja'Marr Chase,T.J. Hockenson,Joe Mixon,Los Angeles Rams,124.8,172.9,119.6,53.3,RB,JAC,NO,LV,DEN,LA,CIN,MIN,CIN,LA,0,0,0,0,0,0
7264525,Sam Howell,Alvin Kamara,Tony Pollard,Cooper Kupp,Davante Adams,Ja'Marr Chase,Darren Waller,Joe Mixon,Chicago Bears,124.8,173.5,115,58.5,RB,WAS,NO,DAL,LA,LV,CIN,NYG,CIN,CHI,0,0,0,0,0,0
7925877,Daniel Jones,Alvin Kamara,Josh Jacobs,Cooper Kupp,Ja'Marr Chase,Tyreek Hill,Darren Waller,Joe Mixon,Los Angeles Rams,124.7,175.7,113.5,62.2,RB,NYG,NO,LV,LA,CIN,MIA,NYG,CIN,LA,0,0,1,0,0,1
3266180,Jalen Hurts,Joe Mixon,Alvin Kamara,Michael Thomas,DeAndre Hopkins,Cooper Kupp,T.J. Hockenson,Ja'Marr Chase,Las Vegas Raiders,124.7,173.9,118,55.9,WR,PHI,CIN,NO,NO,TEN,LA,MIN,CIN,LV,0,0,0,0,0,0
3304654,Jalen Hurts,Alvin Kamara,Tony Pollard,Michael Thomas,DeAndre Hopkins,Cooper Kupp,Evan Engram,Ja'Marr Chase,Miami Dolphins,124.7,173.6,117.3,56.3,WR,PHI,NO,DAL,NO,TEN,LA,JAC,CIN,MIA,0,0,0,0,0,0
4497029,Sam Howell,Alvin Kamara,Josh Jacobs,Michael Thomas,Cooper Kupp,Ja'Marr Chase,Darren Waller,Tyreek Hill,Miami Dolphins,124.7,174.8,117.6,57.2,WR,WAS,NO,LV,NO,LA,CIN,NYG,MIA,MIA,0,0,0,0,0,0
4495682,Sam Howell,Alvin Kamara,Josh Jacobs,Michael Thomas,Cooper Kupp,Ja'Marr Chase,Dalton Schultz,Tyreek Hill,Atlanta Falcons,124.7,173.8,118.2,55.6,WR,WAS,NO,LV,NO,LA,CIN,HOU,MIA,ATL,0,0,0,0,0,0
7264526,Sam Howell,Alvin Kamara,Tony Pollard,Cooper Kupp,Davante Adams,Ja'Marr Chase,Darren Waller,Joe Mixon,Los Angeles Chargers,124.7,173.1,116.1,57,RB,WAS,NO,DAL,LA,LV,CIN,NYG,CIN,LAC,0,0,0,0,0,0
7250882,Daniel Jones,Alvin Kamara,Josh Jacobs,Cooper Kupp,Davante Adams,Ja'Marr Chase,Darren Waller,Joe Mixon,Atlanta Falcons,124.6,175.2,112.3,62.9,RB,NYG,NO,LV,LA,LV,CIN,NYG,CIN,ATL,0,0,1,0,0,1
3266204,Lamar Jackson,Joe Mixon,Alvin Kamara,Michael Thomas,DeAndre Hopkins,Cooper Kupp,T.J. Hockenson,Ja'Marr Chase,Miami Dolphins,124.6,174.6,118.5,56.1,WR,BAL,CIN,NO,NO,TEN,LA,MIN,CIN,MIA,0,0,0,0,0,0
3266215,Lamar Jackson,Joe Mixon,Alvin Kamara,Michael Thomas,DeAndre Hopkins,Cooper Kupp,T.J. Hockenson,Ja'Marr Chase,Minnesota Vikings,124.6,174.5,119.1,55.4,WR,BAL,CIN,NO,NO,TEN,LA,MIN,CIN,MIN,0,0,0,0,0,0
3306454,Trevor Lawrence,Alvin Kamara,Tony Pollard,Michael Thomas,DeAndre Hopkins,Cooper Kupp,T.J. Hockenson,Ja'Marr Chase,Miami Dolphins,124.6,174.4,118.6,55.8,WR,JAC,NO,DAL,NO,TEN,LA,MIN,CIN,MIA,0,0,0,0,0,0
3349654,Trevor Lawrence,Alvin Kamara,Christian McCaffrey,Michael Thomas,DeAndre Hopkins,Cooper Kupp,Darren Waller,Ja'Marr Chase,Miami Dolphins,124.6,174.3,118.7,55.6,WR,JAC,NO,SF,NO,TEN,LA,NYG,CIN,MIA,0,0,0,0,0,0
3306465,Trevor Lawrence,Alvin Kamara,Tony Pollard,Michael Thomas,DeAndre Hopkins,Cooper Kupp,T.J. Hockenson,Ja'Marr Chase,Minnesota Vikings,124.6,174.3,119.2,55.1,WR,JAC,NO,DAL,NO,TEN,LA,MIN,CIN,MIN,0,0,0,0,0,0
7264527,Sam Howell,Alvin Kamara,Tony Pollard,Cooper Kupp,Davante Adams,Ja'Marr Chase,Darren Waller,Joe Mixon,Los Angeles Rams,124.6,174.1,116.8,57.3,RB,WAS,NO,DAL,LA,LV,CIN,NYG,CIN,LA,0,0,0,0,0,0
5236845,Sam Howell,Alvin Kamara,Josh Jacobs,Jerry Jeudy,Cooper Kupp,Ja'Marr Chase,T.J. Hockenson,Joe Mixon,San Francisco 49ers,124.6,173.6,117.2,56.4,RB,WAS,NO,LV,DEN,LA,CIN,MIN,CIN,SF,0,0,0,0,0,0
7588527,Sam Howell,Alvin Kamara,Josh Jacobs,Cooper Kupp,Ja'Marr Chase,Stefon Diggs,Darren Waller,Joe Mixon,Los Angeles Rams,124.6,173.3,118.4,54.9,RB,WAS,NO,LV,LA,CIN,BUF,NYG,CIN,LA,0,0,0,0,0,0
7220654,Sam Howell,Joe Mixon,Alvin Kamara,Cooper Kupp,Davante Adams,Ja'Marr Chase,Mark Andrews,Rachaad White,Miami Dolphins,124.6,173,117.9,55.1,RB,WAS,CIN,NO,LA,LV,CIN,BAL,TB,MIA,0,0,0,0,0,0
4955882,Daniel Jones,Joe Mixon,Alvin Kamara,Calvin Ridley,Cooper Kupp,Ja'Marr Chase,Darren Waller,Tyreek Hill,Atlanta Falcons,124.5,174.9,112.6,62.3,WR,NYG,CIN,NO,JAC,LA,CIN,NYG,MIA,ATL,0,0,1,0,0,1
3266145,Tua Tagovailoa,Joe Mixon,Alvin Kamara,Michael Thomas,DeAndre Hopkins,Cooper Kupp,T.J. Hockenson,Ja'Marr Chase,San Francisco 49ers,124.5,174.7,117.6,57.1,WR,MIA,CIN,NO,NO,TEN,LA,MIN,CIN,SF,0,0,0,0,0,0
3279679,Jalen Hurts,Joe Mixon,Isiah Pacheco,Michael Thomas,DeAndre Hopkins,Cooper Kupp,T.J. Hockenson,Ja'Marr Chase,Miami Dolphins,124.5,174.1,116.7,57.4,WR,PHI,CIN,KC,NO,TEN,LA,MIN,CIN,MIA,0,0,0,0,0,0
7912379,Daniel Jones,Alvin Kamara,Josh Jacobs,Cooper Kupp,Ja'Marr Chase,Tyreek Hill,Darren Waller,Rachaad White,Miami Dolphins,124.5,173.9,113.9,60,RB,NYG,NO,LV,LA,CIN,MIA,NYG,TB,MIA,0,0,1,0,0,1
3252695,Jalen Hurts,Rachaad White,Alvin Kamara,Michael Thomas,DeAndre Hopkins,Cooper Kupp,T.J. Hockenson,Ja'Marr Chase,San Francisco 49ers,124.5,173.9,118,55.9,WR,PHI,TB,NO,NO,TEN,LA,MIN,CIN,SF,0,0,0,0,0,0
3508970,Trevor Lawrence,Joe Mixon,Alvin Kamara,Michael Thomas,DeAndre Hopkins,Cooper Kupp,T.J. Hockenson,Tyreek Hill,San Francisco 49ers,124.5,173.7,118.5,55.2,WR,JAC,CIN,NO,NO,TEN,LA,MIN,MIA,SF,0,0,0,0,0,0
3050204,Lamar Jackson,Alvin Kamara,Josh Jacobs,Michael Thomas,Jerry Jeudy,Cooper Kupp,T.J. Hockenson,Ja'Marr Chase,Miami Dolphins,124.5,173.6,118.8,54.8,WR,BAL,NO,LV,NO,DEN,LA,MIN,CIN,MIA,0,0,0,0,0,0
7911032,Daniel Jones,Alvin Kamara,Josh Jacobs,Cooper Kupp,Ja'Marr Chase,Tyreek Hill,Dalton Schultz,Rachaad White,Atlanta Falcons,124.5,172.9,114.5,58.4,RB,NYG,NO,LV,LA,CIN,MIA,HOU,TB,ATL,0,0,0,0,0,0
3023195,Jalen Hurts,Joe Mixon,Alvin Kamara,Michael Thomas,Jerry Jeudy,Cooper Kupp,T.J. Hockenson,Ja'Marr Chase,San Francisco 49ers,124.4,174.6,116,58.6,WR,PHI,CIN,NO,NO,DEN,LA,MIN,CIN,SF,0,0,0,0,0,0
6249179,Daniel Jones,Alvin Kamara,Josh Jacobs,DeAndre Hopkins,Cooper Kupp,Tyreek Hill,T.J. Hockenson,Joe Mixon,Miami Dolphins,124.4,174.2,114.1,60.1,RB,NYG,NO,LV,TEN,LA,MIA,MIN,CIN,MIA,0,0,0,0,0,0
4495802,Trevor Lawrence,Alvin Kamara,Josh Jacobs,Michael Thomas,Cooper Kupp,Ja'Marr Chase,Dalton Schultz,Tyreek Hill,Los Angeles Rams,124.4,174,119.5,54.5,WR,JAC,NO,LV,NO,LA,CIN,HOU,MIA,LA,0,0,0,0,0,0
7249679,Sam Howell,Alvin Kamara,Josh Jacobs,Cooper Kupp,Davante Adams,Ja'Marr Chase,Dalton Schultz,Joe Mixon,Miami Dolphins,124.4,173.8,117.2,56.6,RB,WAS,NO,LV,LA,LV,CIN,HOU,CIN,MIA,0,0,0,0,0,0
7251031,Sam Howell,Alvin Kamara,Josh Jacobs,Cooper Kupp,Davante Adams,Ja'Marr Chase,Darren Waller,Joe Mixon,Cincinnati Bengals,124.4,173.3,116.2,57.1,RB,WAS,NO,LV,LA,LV,CIN,NYG,CIN,CIN,0,0,0,0,0,0
7251025,Sam Howell,Alvin Kamara,Josh Jacobs,Cooper Kupp,Davante Adams,Ja'Marr Chase,Darren Waller,Joe Mixon,Chicago Bears,124.4,173.2,115.4,57.8,RB,WAS,NO,LV,LA,LV,CIN,NYG,CIN,CHI,0,0,0,0,0,0
7221182,Daniel Jones,Joe Mixon,Alvin Kamara,Cooper Kupp,Davante Adams,Ja'Marr Chase,T.J. Hockenson,Rachaad White,Atlanta Falcons,124.3,175.4,113,62.4,RB,NYG,CIN,NO,LA,LV,CIN,MIN,TB,ATL,0,0,0,0,0,0
4477457,Sam Howell,Joe Mixon,Alvin Kamara,Michael Thomas,Cooper Kupp,Ja'Marr Chase,Cole Kmet,Tyreek Hill,Atlanta Falcons,124.3,174.2,115.6,58.6,WR,WAS,CIN,NO,NO,LA,CIN,CHI,MIA,ATL,0,0,0,0,0,0
3306627,Tua Tagovailoa,Alvin Kamara,Tony Pollard,Michael Thomas,DeAndre Hopkins,Cooper Kupp,T.J. Hockenson,Ja'Marr Chase,Los Angeles Rams,124.3,173.8,118.8,55,WR,MIA,NO,DAL,NO,TEN,LA,MIN,CIN,LA,0,0,0,0,0,0
3994952,Trevor Lawrence,Joe Mixon,Alvin Kamara,DeAndre Hopkins,Chris Godwin,Ja'Marr Chase,T.J. Hockenson,Tyreek Hill,Los Angeles Rams,124.3,173.7,119,54.7,WR,JAC,CIN,NO,TEN,TB,CIN,MIN,MIA,LA,0,0,0,0,0,0
4470032,Sam Howell,Joe Mixon,Alvin Kamara,Michael Thomas,Cooper Kupp,Ja'Marr Chase,Darren Waller,Tyreek Hill,Atlanta Falcons,124.3,173.7,116.3,57.4,WR,WAS,CIN,NO,NO,LA,CIN,NYG,MIA,ATL,0,0,0,0,0,0
7251026,Sam Howell,Alvin Kamara,Josh Jacobs,Cooper Kupp,Davante Adams,Ja'Marr Chase,Darren Waller,Joe Mixon,Los Angeles Chargers,124.3,172.8,116.5,56.3,RB,WAS,NO,LV,LA,LV,CIN,NYG,CIN,LAC,0,0,0,0,0,0
3319954,Trevor Lawrence,Alvin Kamara,Kyren Williams,Michael Thomas,DeAndre Hopkins,Cooper Kupp,T.J. Hockenson,Ja'Marr Chase,Miami Dolphins,124.2,174.3,118,56.3,WR,JAC,NO,LA,NO,TEN,LA,MIN,CIN,MIA,0,0,0,0,0,0
4739882,Daniel Jones,Alvin Kamara,Josh Jacobs,Jerry Jeudy,Cooper Kupp,Ja'Marr Chase,Darren Waller,Tyreek Hill,Atlanta Falcons,124.2,174.2,112.7,61.5,WR,NYG,NO,LV,DEN,LA,CIN,NYG,MIA,ATL,0,0,1,0,0,1
3292954,Trevor Lawrence,Alvin Kamara,Josh Jacobs,Michael Thomas,DeAndre Hopkins,Cooper Kupp,T.J. Hockenson,Ja'Marr Chase,Miami Dolphins,124.2,174.1,119,55.1,WR,JAC,NO,LV,NO,TEN,LA,MIN,CIN,MIA,0,0,0,0,0,0
3292965,Trevor Lawrence,Alvin Kamara,Josh Jacobs,Michael Thomas,DeAndre Hopkins,Cooper Kupp,T.J. Hockenson,Ja'Marr Chase,Minnesota Vikings,124.2,174,119.6,54.4,WR,JAC,NO,LV,NO,TEN,LA,MIN,CIN,MIN,0,0,0,0,0,0
4468804,Trevor Lawrence,Joe Mixon,Alvin Kamara,Michael Thomas,Cooper Kupp,Ja'Marr Chase,Dalton Schultz,Tyreek Hill,Miami Dolphins,124.2,173.9,117.6,56.3,WR,JAC,CIN,NO,NO,LA,CIN,HOU,MIA,MIA,0,0,0,0,0,0
3266185,Jalen Hurts,Joe Mixon,Alvin Kamara,Michael Thomas,DeAndre Hopkins,Cooper Kupp,T.J. Hockenson,Ja'Marr Chase,Tennessee Titans,124.2,173.8,116.4,57.4,WR,PHI,CIN,NO,NO,TEN,LA,MIN,CIN,TEN,0,0,0,0,0,0
4468815,Trevor Lawrence,Joe Mixon,Alvin Kamara,Michael Thomas,Cooper Kupp,Ja'Marr Chase,Dalton Schultz,Tyreek Hill,Minnesota Vikings,124.2,173.8,118.2,55.6,WR,JAC,CIN,NO,NO,LA,CIN,HOU,MIA,MIN,0,0,0,0,0,0
3063677,Jalen Hurts,Alvin Kamara,Tony Pollard,Michael Thomas,Jerry Jeudy,Cooper Kupp,T.J. Hockenson,Ja'Marr Chase,Los Angeles Rams,124.2,173.7,117.2,56.5,WR,PHI,NO,DAL,NO,DEN,LA,MIN,CIN,LA,0,0,0,0,0,0
7255607,Daniel Jones,Alvin Kamara,Josh Jacobs,Cooper Kupp,Davante Adams,Ja'Marr Chase,George Kittle,Joe Mixon,Atlanta Falcons,124.2,173.4,112.3,61.1,RB,NYG,NO,LV,LA,LV,CIN,SF,CIN,ATL,0,0,0,0,0,0
7194454,Trevor Lawrence,Joe Mixon,Alvin Kamara,Cooper Kupp,Davante Adams,Ja'Marr Chase,T.J. Hockenson,Jeff Wilson Jr.,Miami Dolphins,124.2,172.9,117.1,55.8,RB,JAC,CIN,NO,LA,LV,CIN,MIN,MIA,MIA,0,0,0,0,0,0
4477575,Trevor Lawrence,Joe Mixon,Alvin Kamara,Michael Thomas,Cooper Kupp,Ja'Marr Chase,Cole Kmet,Tyreek Hill,Chicago Bears,124.2,173.8,115.1,58.7,WR,JAC,CIN,NO,NO,LA,CIN,CHI,MIA,CHI,0,0,0,0,0,0
7251027,Sam Howell,Alvin Kamara,Josh Jacobs,Cooper Kupp,Davante Adams,Ja'Marr Chase,Darren Waller,Joe Mixon,Los Angeles Rams,124.2,173.8,117.2,56.6,RB,WAS,NO,LV,LA,LV,CIN,NYG,CIN,LA,0,0,0,0,0,0
7251033,Sam Howell,Alvin Kamara,Josh Jacobs,Cooper Kupp,Davante Adams,Ja'Marr Chase,Darren Waller,Joe Mixon,New England Patriots,124.2,173.1,117.5,55.6,RB,WAS,NO,LV,LA,LV,CIN,NYG,CIN,NE,0,0,0,0,0,0
3266181,Jalen Hurts,Joe Mixon,Alvin Kamara,Michael Thomas,DeAndre Hopkins,Cooper Kupp,T.J. Hockenson,Ja'Marr Chase,Cincinnati Bengals,124.1,173.9,116.3,57.6,WR,PHI,CIN,NO,NO,TEN,LA,MIN,CIN,CIN,0,0,0,0,0,0
3363154,Trevor Lawrence,Josh Jacobs,Christian McCaffrey,Michael Thomas,DeAndre Hopkins,Cooper Kupp,Darren Waller,Ja'Marr Chase,Miami Dolphins,124.1,173.8,118.5,55.3,WR,JAC,LV,SF,NO,TEN,LA,NYG,CIN,MIA,0,0,0,0,0,0
3266175,Jalen Hurts,Joe Mixon,Alvin Kamara,Michael Thomas,DeAndre Hopkins,Cooper Kupp,T.J. Hockenson,Ja'Marr Chase,Chicago Bears,124.1,173.8,115.5,58.3,WR,PHI,CIN,NO,NO,TEN,LA,MIN,CIN,CHI,0,0,0,0,0,0
4474204,Trevor Lawrence,Joe Mixon,Alvin Kamara,Michael Thomas,Cooper Kupp,Ja'Marr Chase,Zach Ertz,Tyreek Hill,Miami Dolphins,124.1,173.6,117.4,56.2,WR,JAC,CIN,NO,NO,LA,CIN,ARI,MIA,MIA,0,0,0,0,0,0
7221325,Sam Howell,Joe Mixon,Alvin Kamara,Cooper Kupp,Davante Adams,Ja'Marr Chase,T.J. Hockenson,Rachaad White,Chicago Bears,124.1,173.4,116.1,57.3,RB,WAS,CIN,NO,LA,LV,CIN,MIN,TB,CHI,0,0,0,0,0,0
7892807,Daniel Jones,Joe Mixon,Alvin Kamara,Cooper Kupp,Ja'Marr Chase,Tyreek Hill,Cole Kmet,Rachaad White,Atlanta Falcons,124.1,173.3,111.9,61.4,RB,NYG,CIN,NO,LA,CIN,MIA,CHI,TB,ATL,0,0,0,0,0,0
7251202,Brock Purdy,Alvin Kamara,Josh Jacobs,Cooper Kupp,Davante Adams,Ja'Marr Chase,Darren Waller,Joe Mixon,Los Angeles Rams,124.1,172.9,118,54.9,RB,SF,NO,LV,LA,LV,CIN,NYG,CIN,LA,0,0,0,0,0,0
4510382,Daniel Jones,Alvin Kamara,Tony Pollard,Michael Thomas,Cooper Kupp,Ja'Marr Chase,Darren Waller,Tyreek Hill,Atlanta Falcons,124,175.1,111.5,63.6,WR,NYG,NO,DAL,NO,LA,CIN,NYG,MIA,ATL,0,0,1,0,0,1
4477577,Trevor Lawrence,Joe Mixon,Alvin Kamara,Michael Thomas,Cooper Kupp,Ja'Marr Chase,Cole Kmet,Tyreek Hill,Los Angeles Rams,124,174.4,116.9,57.5,WR,JAC,CIN,NO,NO,LA,CIN,CHI,MIA,LA,0,0,0,0,0,0
3335029,Jalen Hurts,Joe Mixon,Christian McCaffrey,Michael Thomas,DeAndre Hopkins,Cooper Kupp,Dalton Schultz,Ja'Marr Chase,Miami Dolphins,124,174.1,116.8,57.3,WR,PHI,CIN,SF,NO,TEN,LA,HOU,CIN,MIA,0,0,0,0,0,0
4470152,Trevor Lawrence,Joe Mixon,Alvin Kamara,Michael Thomas,Cooper Kupp,Ja'Marr Chase,Darren Waller,Tyreek Hill,Los Angeles Rams,124,173.9,117.6,56.3,WR,JAC,CIN,NO,NO,LA,CIN,NYG,MIA,LA,0,0,0,0,0,0
3265974,Trevor Lawrence,Joe Mixon,Alvin Kamara,Michael Thomas,DeAndre Hopkins,Cooper Kupp,T.J. Hockenson,Ja'Marr Chase,Buffalo Bills,124,173.8,118.1,55.7,WR,JAC,CIN,NO,NO,TEN,LA,MIN,CIN,BUF,0,0,0,0,0,0
7221326,Sam Howell,Joe Mixon,Alvin Kamara,Cooper Kupp,Davante Adams,Ja'Marr Chase,T.J. Hockenson,Rachaad White,Los Angeles Chargers,124,173,117.2,55.8,RB,WAS,CIN,NO,LA,LV,CIN,MIN,TB,LAC,0,0,0,0,0,0
3266507,Sam Howell,Joe Mixon,Alvin Kamara,Michael Thomas,DeAndre Hopkins,Cooper Kupp,Travis Kelce,Ja'Marr Chase,Atlanta Falcons,124,173.8,116.9,56.9,WR,WAS,CIN,NO,NO,TEN,LA,KC,CIN,ATL,0,0,0,0,0,0
4021682,Daniel Jones,Alvin Kamara,Josh Jacobs,DeAndre Hopkins,Chris Godwin,Ja'Marr Chase,T.J. Hockenson,Tyreek Hill,Atlanta Falcons,123.9,174.6,113.3,61.3,WR,NYG,NO,LV,TEN,TB,CIN,MIN,MIA,ATL,0,0,0,0,0,0
3266177,Jalen Hurts,Joe Mixon,Alvin Kamara,Michael Thomas,DeAndre Hopkins,Cooper Kupp,T.J. Hockenson,Ja'Marr Chase,Los Angeles Rams,123.9,174.4,117.3,57.1,WR,PHI,CIN,NO,NO,TEN,LA,MIN,CIN,LA,0,0,0,0,0,0
7221327,Sam Howell,Joe Mixon,Alvin Kamara,Cooper Kupp,Davante Adams,Ja'Marr Chase,T.J. Hockenson,Rachaad White,Los Angeles Rams,123.9,174,117.9,56.1,RB,WAS,CIN,NO,LA,LV,CIN,MIN,TB,LA,0,0,0,0,0,0
3266183,Jalen Hurts,Joe Mixon,Alvin Kamara,Michael Thomas,DeAndre Hopkins,Cooper Kupp,T.J. Hockenson,Ja'Marr Chase,New England Patriots,123.9,173.7,117.6,56.1,WR,PHI,CIN,NO,NO,TEN,LA,MIN,CIN,NE,0,0,0,0,0,0
7250887,Daniel Jones,Alvin Kamara,Josh Jacobs,Cooper Kupp,Davante Adams,Ja'Marr Chase,Darren Waller,Joe Mixon,Kansas City Chiefs,123.9,174.8,111.6,63.2,RB,NYG,NO,LV,LA,LV,CIN,NYG,CIN,KC,0,0,1,0,0,1
4470045,Sam Howell,Joe Mixon,Alvin Kamara,Michael Thomas,Cooper Kupp,Ja'Marr Chase,Darren Waller,Tyreek Hill,San Francisco 49ers,123.8,174.6,115.2,59.4,WR,WAS,CIN,NO,NO,LA,CIN,NYG,MIA,SF,0,0,0,0,0,0
4955887,Daniel Jones,Joe Mixon,Alvin Kamara,Calvin Ridley,Cooper Kupp,Ja'Marr Chase,Darren Waller,Tyreek Hill,Kansas City Chiefs,123.8,174.5,111.9,62.6,WR,NYG,CIN,NO,JAC,LA,CIN,NYG,MIA,KC,0,0,1,0,0,1
3336377,Jalen Hurts,Joe Mixon,Christian McCaffrey,Michael Thomas,DeAndre Hopkins,Cooper Kupp,Darren Waller,Ja'Marr Chase,Los Angeles Rams,123.8,174.1,116.8,57.3,WR,PHI,CIN,SF,NO,TEN,LA,NYG,CIN,LA,0,0,0,0,0,0
3266189,Jalen Hurts,Joe Mixon,Alvin Kamara,Michael Thomas,DeAndre Hopkins,Cooper Kupp,T.J. Hockenson,Ja'Marr Chase,New York Jets,123.8,173.6,115.8,57.8,WR,PHI,CIN,NO,NO,TEN,LA,MIN,CIN,NYJ,0,0,0,0,0,0
7264379,Daniel Jones,Alvin Kamara,Tony Pollard,Cooper Kupp,Davante Adams,Ja'Marr Chase,Darren Waller,Joe Mixon,Miami Dolphins,123.7,175.1,110.5,64.6,RB,NYG,NO,DAL,LA,LV,CIN,NYG,CIN,MIA,0,0,1,0,0,1
7588379,Daniel Jones,Alvin Kamara,Josh Jacobs,Cooper Kupp,Ja'Marr Chase,Stefon Diggs,Darren Waller,Joe Mixon,Miami Dolphins,123.7,174.3,112.1,62.2,RB,NYG,NO,LV,LA,CIN,BUF,NYG,CIN,MIA,0,0,1,0,0,1
7263032,Daniel Jones,Alvin Kamara,Tony Pollard,Cooper Kupp,Davante Adams,Ja'Marr Chase,Dalton Schultz,Joe Mixon,Atlanta Falcons,123.7,174.1,111.1,63,RB,NYG,NO,DAL,LA,LV,CIN,HOU,CIN,ATL,0,0,0,0,0,0
7587032,Daniel Jones,Alvin Kamara,Josh Jacobs,Cooper Kupp,Ja'Marr Chase,Stefon Diggs,Dalton Schultz,Joe Mixon,Atlanta Falcons,123.7,173.3,112.7,60.6,RB,NYG,NO,LV,LA,CIN,BUF,HOU,CIN,ATL,0,0,0,0,0,0
5587682,Daniel Jones,Alvin Kamara,Tony Pollard,Michael Thomas,Cooper Kupp,Tyreek Hill,T.J. Hockenson,Joe Mixon,Atlanta Falcons,123.7,173,111.9,61.1,RB,NYG,NO,DAL,NO,LA,MIA,MIN,CIN,ATL,0,0,0,0,0,0
5630882,Daniel Jones,Alvin Kamara,Christian McCaffrey,Michael Thomas,Cooper Kupp,Tyreek Hill,Darren Waller,Joe Mixon,Atlanta Falcons,123.7,172.9,112,60.9,RB,NYG,NO,SF,NO,LA,MIA,NYG,CIN,ATL,0,0,1,0,0,1
3266627,Trevor Lawrence,Joe Mixon,Alvin Kamara,Michael Thomas,DeAndre Hopkins,Cooper Kupp,Travis Kelce,Ja'Marr Chase,Los Angeles Rams,123.7,174,118.2,55.8,WR,JAC,CIN,NO,NO,TEN,LA,KC,CIN,LA,0,0,0,0,0,0
4496882,Daniel Jones,Alvin Kamara,Josh Jacobs,Michael Thomas,Cooper Kupp,Ja'Marr Chase,Darren Waller,Tyreek Hill,Atlanta Falcons,123.6,174.8,111.9,62.9,WR,NYG,NO,LV,NO,LA,CIN,NYG,MIA,ATL,0,0,1,0,0,1
4981529,Daniel Jones,Alvin Kamara,Josh Jacobs,Calvin Ridley,Cooper Kupp,Ja'Marr Chase,Dalton Schultz,Tyreek Hill,Miami Dolphins,123.6,174.6,113.1,61.5,WR,NYG,NO,LV,JAC,LA,CIN,HOU,MIA,MIA,0,0,0,0,0,0
4982875,Daniel Jones,Alvin Kamara,Josh Jacobs,Calvin Ridley,Cooper Kupp,Ja'Marr Chase,Darren Waller,Tyreek Hill,Chicago Bears,123.6,174,111.3,62.7,WR,NYG,NO,LV,JAC,LA,CIN,NYG,MIA,CHI,0,0,1,0,0,1
4510527,Sam Howell,Alvin Kamara,Tony Pollard,Michael Thomas,Cooper Kupp,Ja'Marr Chase,Darren Waller,Tyreek Hill,Los Angeles Rams,123.6,173.7,116.4,57.3,WR,WAS,NO,DAL,NO,LA,CIN,NYG,MIA,LA,0,0,0,0,0,0
7885395,Daniel Jones,Joe Mixon,Alvin Kamara,Cooper Kupp,Ja'Marr Chase,Tyreek Hill,Darren Waller,Rachaad White,San Francisco 49ers,123.6,173.7,111.5,62.2,RB,NYG,CIN,NO,LA,CIN,MIA,NYG,TB,SF,0,0,1,0,0,1
7924525,Daniel Jones,Alvin Kamara,Josh Jacobs,Cooper Kupp,Ja'Marr Chase,Tyreek Hill,Dalton Schultz,Joe Mixon,Chicago Bears,123.6,173.7,110.9,62.8,RB,NYG,NO,LV,LA,CIN,MIA,HOU,CIN,CHI,0,0,0,0,0,0
3266186,Jalen Hurts,Joe Mixon,Alvin Kamara,Michael Thomas,DeAndre Hopkins,Cooper Kupp,T.J. Hockenson,Ja'Marr Chase,New Orleans Saints,123.6,173.6,116.7,56.9,WR,PHI,CIN,NO,NO,TEN,LA,MIN,CIN,NO,0,0,0,0,0,0
4739887,Daniel Jones,Alvin Kamara,Josh Jacobs,Jerry Jeudy,Cooper Kupp,Ja'Marr Chase,Darren Waller,Tyreek Hill,Kansas City Chiefs,123.5,173.8,112,61.8,WR,NYG,NO,LV,DEN,LA,CIN,NYG,MIA,KC,0,0,1,0,0,1
4982876,Daniel Jones,Alvin Kamara,Josh Jacobs,Calvin Ridley,Cooper Kupp,Ja'Marr Chase,Darren Waller,Tyreek Hill,Los Angeles Chargers,123.5,173.6,112.4,61.2,WR,NYG,NO,LV,JAC,LA,CIN,NYG,MIA,LAC,0,0,1,0,0,1
5320379,Daniel Jones,Josh Jacobs,Christian McCaffrey,Jerry Jeudy,Cooper Kupp,Ja'Marr Chase,Darren Waller,Alvin Kamara,Miami Dolphins,123.5,173.6,112.2,61.4,RB,NYG,LV,SF,DEN,LA,CIN,NYG,NO,MIA,0,0,1,0,0,1
7924526,Daniel Jones,Alvin Kamara,Josh Jacobs,Cooper Kupp,Ja'Marr Chase,Tyreek Hill,Dalton Schultz,Joe Mixon,Los Angeles Chargers,123.5,173.3,112,61.3,RB,NYG,NO,LV,LA,CIN,MIA,HOU,CIN,LAC,0,0,0,0,0,0
7220507,Daniel Jones,Joe Mixon,Alvin Kamara,Cooper Kupp,Davante Adams,Ja'Marr Chase,Mark Andrews,Rachaad White,Atlanta Falcons,123.5,173,112.2,60.8,RB,NYG,CIN,NO,LA,LV,CIN,BAL,TB,ATL,0,0,0,0,0,0
4982877,Daniel Jones,Alvin Kamara,Josh Jacobs,Calvin Ridley,Cooper Kupp,Ja'Marr Chase,Darren Waller,Tyreek Hill,Los Angeles Rams,123.4,174.6,113.1,61.5,WR,NYG,NO,LV,JAC,LA,CIN,NYG,MIA,LA,0,0,1,0,0,1
7924527,Daniel Jones,Alvin Kamara,Josh Jacobs,Cooper Kupp,Ja'Marr Chase,Tyreek Hill,Dalton Schultz,Joe Mixon,Los Angeles Rams,123.4,174.3,112.7,61.6,RB,NYG,NO,LV,LA,CIN,MIA,HOU,CIN,LA,0,0,0,0,0,0
4467182,Daniel Jones,Rachaad White,Alvin Kamara,Michael Thomas,Cooper Kupp,Ja'Marr Chase,T.J. Hockenson,Tyreek Hill,Atlanta Falcons,123.3,175,112.6,62.4,WR,NYG,TB,NO,NO,LA,CIN,MIN,MIA,ATL,0,0,0,0,0,0
3293357,Daniel Jones,Alvin Kamara,Josh Jacobs,Michael Thomas,DeAndre Hopkins,Cooper Kupp,Travis Kelce,Ja'Marr Chase,Atlanta Falcons,123.3,174.9,112.5,62.4,WR,NYG,NO,LV,NO,TEN,LA,KC,CIN,ATL,0,0,0,0,0,0
7250879,Daniel Jones,Alvin Kamara,Josh Jacobs,Cooper Kupp,Davante Adams,Ja'Marr Chase,Darren Waller,Joe Mixon,Miami Dolphins,123.3,174.8,110.9,63.9,RB,NYG,NO,LV,LA,LV,CIN,NYG,CIN,MIA,0,0,1,0,0,1
7250890,Daniel Jones,Alvin Kamara,Josh Jacobs,Cooper Kupp,Davante Adams,Ja'Marr Chase,Darren Waller,Joe Mixon,Minnesota Vikings,123.3,174.7,111.5,63.2,RB,NYG,NO,LV,LA,LV,CIN,NYG,CIN,MIN,0,0,1,0,0,1
4753379,Daniel Jones,Alvin Kamara,Tony Pollard,Jerry Jeudy,Cooper Kupp,Ja'Marr Chase,Darren Waller,Tyreek Hill,Miami Dolphins,123.3,174.1,110.9,63.2,WR,NYG,NO,DAL,DEN,LA,CIN,NYG,MIA,MIA,0,0,1,0,0,1
3265970,Trevor Lawrence,Joe Mixon,Alvin Kamara,Michael Thomas,DeAndre Hopkins,Cooper Kupp,T.J. Hockenson,Ja'Marr Chase,San Francisco 49ers,123.3,173.9,116.6,57.3,WR,JAC,CIN,NO,NO,TEN,LA,MIN,CIN,SF,0,0,0,0,0,0
7249532,Daniel Jones,Alvin Kamara,Josh Jacobs,Cooper Kupp,Davante Adams,Ja'Marr Chase,Dalton Schultz,Joe Mixon,Atlanta Falcons,123.3,173.8,111.5,62.3,RB,NYG,NO,LV,LA,LV,CIN,HOU,CIN,ATL,0,0,0,0,0,0
6262677,Daniel Jones,Alvin Kamara,Tony Pollard,DeAndre Hopkins,Cooper Kupp,Tyreek Hill,T.J. Hockenson,Joe Mixon,Los Angeles Rams,123.3,173.1,112.9,60.2,RB,NYG,NO,DAL,TEN,LA,MIA,MIN,CIN,LA,0,0,0,0,0,0
6305877,Daniel Jones,Alvin Kamara,Christian McCaffrey,DeAndre Hopkins,Cooper Kupp,Tyreek Hill,Darren Waller,Joe Mixon,Los Angeles Rams,123.3,173,113,60,RB,NYG,NO,SF,TEN,LA,MIA,NYG,CIN,LA,0,0,1,0,0,1
4955879,Daniel Jones,Joe Mixon,Alvin Kamara,Calvin Ridley,Cooper Kupp,Ja'Marr Chase,Darren Waller,Tyreek Hill,Miami Dolphins,123.2,174.5,111.2,63.3,WR,NYG,CIN,NO,JAC,LA,CIN,NYG,MIA,MIA,0,0,1,0,0,1
4955890,Daniel Jones,Joe Mixon,Alvin Kamara,Calvin Ridley,Cooper Kupp,Ja'Marr Chase,Darren Waller,Tyreek Hill,Minnesota Vikings,123.2,174.4,111.8,62.6,WR,NYG,CIN,NO,JAC,LA,CIN,NYG,MIA,MIN,0,0,1,0,0,1
3292967,Trevor Lawrence,Alvin Kamara,Josh Jacobs,Michael Thomas,DeAndre Hopkins,Cooper Kupp,T.J. Hockenson,Ja'Marr Chase,Detroit Lions,123.2,173.8,118.8,55,WR,JAC,NO,LV,NO,TEN,LA,MIN,CIN,DET,0,0,0,0,0,0
3336170,Trevor Lawrence,Joe Mixon,Christian McCaffrey,Michael Thomas,DeAndre Hopkins,Cooper Kupp,Darren Waller,Ja'Marr Chase,San Francisco 49ers,123.2,173.6,116.1,57.5,WR,JAC,CIN,SF,NO,TEN,LA,NYG,CIN,SF,0,0,0,0,0,0
4440452,Trevor Lawrence,Rachaad White,Joe Mixon,Michael Thomas,Cooper Kupp,Ja'Marr Chase,T.J. Hockenson,Tyreek Hill,Los Angeles Rams,123.2,173.6,118.1,55.5,WR,JAC,TB,CIN,NO,LA,CIN,MIN,MIA,LA,0,0,0,0,0,0
7254932,Daniel Jones,Alvin Kamara,Josh Jacobs,Cooper Kupp,Davante Adams,Ja'Marr Chase,Zach Ertz,Joe Mixon,Atlanta Falcons,123.2,173.5,111.3,62.2,RB,NYG,NO,LV,LA,LV,CIN,ARI,CIN,ATL,0,0,0,0,0,0
6586677,Daniel Jones,Alvin Kamara,Josh Jacobs,DeAndre Hopkins,Ja'Marr Chase,Tyreek Hill,T.J. Hockenson,Joe Mixon,Los Angeles Rams,123.1,173.2,113.5,59.7,RB,NYG,NO,LV,TEN,CIN,MIA,MIN,CIN,LA,0,0,0,0,0,0
7924528,Daniel Jones,Alvin Kamara,Josh Jacobs,Cooper Kupp,Ja'Marr Chase,Tyreek Hill,Dalton Schultz,Joe Mixon,Carolina Panthers,123.1,173.1,109.8,63.3,RB,NYG,NO,LV,LA,CIN,MIA,HOU,CIN,CAR,0,0,0,0,0,0
5300807,Daniel Jones,Alvin Kamara,Christian McCaffrey,Jerry Jeudy,Cooper Kupp,Ja'Marr Chase,Cole Kmet,Joe Mixon,Atlanta Falcons,123.1,173,110.2,62.8,RB,NYG,NO,SF,DEN,LA,CIN,CHI,CIN,ATL,0,0,0,0,0,0
7221179,Daniel Jones,Joe Mixon,Alvin Kamara,Cooper Kupp,Davante Adams,Ja'Marr Chase,T.J. Hockenson,Rachaad White,Miami Dolphins,123,175,111.6,63.4,RB,NYG,CIN,NO,LA,LV,CIN,MIN,TB,MIA,0,0,0,0,0,0
4477454,Sam Howell,Joe Mixon,Alvin Kamara,Michael Thomas,Cooper Kupp,Ja'Marr Chase,Cole Kmet,Tyreek Hill,Miami Dolphins,123,173.8,114.2,59.6,WR,WAS,CIN,NO,NO,LA,CIN,CHI,MIA,MIA,0,0,0,0,0,0
7264380,Daniel Jones,Alvin Kamara,Tony Pollard,Cooper Kupp,Davante Adams,Ja'Marr Chase,Darren Waller,Joe Mixon,Las Vegas Raiders,123,173.2,110.4,62.8,RB,NYG,NO,DAL,LA,LV,CIN,NYG,CIN,LV,0,0,1,0,0,1
7256957,Daniel Jones,Alvin Kamara,Josh Jacobs,Cooper Kupp,Davante Adams,Ja'Marr Chase,Jake Ferguson,Joe Mixon,Atlanta Falcons,123,173.2,111.3,61.9,RB,NYG,NO,LV,LA,LV,CIN,DAL,CIN,ATL,0,0,0,0,0,0
7587037,Daniel Jones,Alvin Kamara,Josh Jacobs,Cooper Kupp,Ja'Marr Chase,Stefon Diggs,Dalton Schultz,Joe Mixon,Kansas City Chiefs,123,172.9,112,60.9,RB,NYG,NO,LV,LA,CIN,BUF,HOU,CIN,KC,0,0,0,0,0,0
4480004,Daniel Jones,Joe Mixon,Alvin Kamara,Michael Thomas,Cooper Kupp,Ja'Marr Chase,Mark Andrews,Tyreek Hill,Miami Dolphins,122.9,175.4,110.8,64.6,WR,NYG,CIN,NO,NO,LA,CIN,BAL,MIA,MIA,0,0,0,0,0,0
4739879,Daniel Jones,Alvin Kamara,Josh Jacobs,Jerry Jeudy,Cooper Kupp,Ja'Marr Chase,Darren Waller,Tyreek Hill,Miami Dolphins,122.9,173.8,111.3,62.5,WR,NYG,NO,LV,DEN,LA,CIN,NYG,MIA,MIA,0,0,1,0,0,1
3306345,Sam Howell,Alvin Kamara,Tony Pollard,Michael Thomas,DeAndre Hopkins,Cooper Kupp,T.J. Hockenson,Ja'Marr Chase,San Francisco 49ers,122.9,173.7,115.4,58.3,WR,WAS,NO,DAL,NO,TEN,LA,MIN,CIN,SF,0,0,0,0,0,0
4467327,Sam Howell,Rachaad White,Alvin Kamara,Michael Thomas,Cooper Kupp,Ja'Marr Chase,T.J. Hockenson,Tyreek Hill,Los Angeles Rams,122.9,173.6,117.5,56.1,WR,WAS,TB,NO,NO,LA,CIN,MIN,MIA,LA,0,0,0,0,0,0
7255604,Daniel Jones,Alvin Kamara,Josh Jacobs,Cooper Kupp,Davante Adams,Ja'Marr Chase,George Kittle,Joe Mixon,Miami Dolphins,122.9,173,110.9,62.1,RB,NYG,NO,LV,LA,LV,CIN,SF,CIN,MIA,0,0,0,0,0,0
6249177,Daniel Jones,Alvin Kamara,Josh Jacobs,DeAndre Hopkins,Cooper Kupp,Tyreek Hill,T.J. Hockenson,Joe Mixon,Los Angeles Rams,122.9,172.8,113.3,59.5,RB,NYG,NO,LV,TEN,LA,MIA,MIN,CIN,LA,0,0,0,0,0,0
4496887,Daniel Jones,Alvin Kamara,Josh Jacobs,Michael Thomas,Cooper Kupp,Ja'Marr Chase,Darren Waller,Tyreek Hill,Kansas City Chiefs,122.9,174.4,111.2,63.2,WR,NYG,NO,LV,NO,LA,CIN,NYG,MIA,KC,0,0,1,0,0,1
3349545,Sam Howell,Alvin Kamara,Christian McCaffrey,Michael Thomas,DeAndre Hopkins,Cooper Kupp,Darren Waller,Ja'Marr Chase,San Francisco 49ers,122.9,173.6,115.5,58.1,WR,WAS,NO,SF,NO,TEN,LA,NYG,CIN,SF,0,0,0,0,0,0
7249779,Deshaun Watson,Alvin Kamara,Josh Jacobs,Cooper Kupp,Davante Adams,Ja'Marr Chase,Dalton Schultz,Joe Mixon,Miami Dolphins,122.9,172.9,110.5,62.4,RB,CLE,NO,LV,LA,LV,CIN,HOU,CIN,MIA,0,0,0,0,0,0
4721657,Daniel Jones,Joe Mixon,Alvin Kamara,Jerry Jeudy,Cooper Kupp,Ja'Marr Chase,Evan Engram,Tyreek Hill,Atlanta Falcons,122.8,173.6,110.7,62.9,WR,NYG,CIN,NO,DEN,LA,CIN,JAC,MIA,ATL,0,0,0,0,0,0
5574195,Daniel Jones,Alvin Kamara,Josh Jacobs,Michael Thomas,Cooper Kupp,Tyreek Hill,T.J. Hockenson,Joe Mixon,San Francisco 49ers,122.8,173.6,111.2,62.4,RB,NYG,NO,LV,NO,LA,MIA,MIN,CIN,SF,0,0,0,0,0,0
7600529,Daniel Jones,Alvin Kamara,Tony Pollard,Cooper Kupp,Ja'Marr Chase,Stefon Diggs,Dalton Schultz,Joe Mixon,Miami Dolphins,122.8,173.2,110.9,62.3,RB,NYG,NO,DAL,LA,CIN,BUF,HOU,CIN,MIA,0,0,0,0,0,0
7892804,Daniel Jones,Joe Mixon,Alvin Kamara,Cooper Kupp,Ja'Marr Chase,Tyreek Hill,Cole Kmet,Rachaad White,Miami Dolphins,122.8,172.9,110.5,62.4,RB,NYG,CIN,NO,LA,CIN,MIA,CHI,TB,MIA,0,0,0,0,0,0
4510379,Daniel Jones,Alvin Kamara,Tony Pollard,Michael Thomas,Cooper Kupp,Ja'Marr Chase,Darren Waller,Tyreek Hill,Miami Dolphins,122.7,174.7,110.1,64.6,WR,NYG,NO,DAL,NO,LA,CIN,NYG,MIA,MIA,0,0,1,0,0,1
4509032,Daniel Jones,Alvin Kamara,Tony Pollard,Michael Thomas,Cooper Kupp,Ja'Marr Chase,Dalton Schultz,Tyreek Hill,Atlanta Falcons,122.7,173.7,110.7,63,WR,NYG,NO,DAL,NO,LA,CIN,HOU,MIA,ATL,0,0,0,0,0,0
7251127,Deshaun Watson,Alvin Kamara,Josh Jacobs,Cooper Kupp,Davante Adams,Ja'Marr Chase,Darren Waller,Joe Mixon,Los Angeles Rams,122.7,172.9,110.5,62.4,RB,CLE,NO,LV,LA,LV,CIN,NYG,CIN,LA,0,0,0,0,0,0
4021679,Daniel Jones,Alvin Kamara,Josh Jacobs,DeAndre Hopkins,Chris Godwin,Ja'Marr Chase,T.J. Hockenson,Tyreek Hill,Miami Dolphins,122.6,174.2,111.9,62.3,WR,NYG,NO,LV,TEN,TB,CIN,MIN,MIA,MIA,0,0,0,0,0,0
4710179,Daniel Jones,Rachaad White,Alvin Kamara,Jerry Jeudy,Cooper Kupp,Ja'Marr Chase,T.J. Hockenson,Tyreek Hill,Miami Dolphins,122.6,174,112,62,WR,NYG,TB,NO,DEN,LA,CIN,MIN,MIA,MIA,0,0,0,0,0,0
5250195,Daniel Jones,Alvin Kamara,Tony Pollard,Jerry Jeudy,Cooper Kupp,Ja'Marr Chase,T.J. Hockenson,Joe Mixon,San Francisco 49ers,122.6,173.5,109.7,63.8,RB,NYG,NO,DAL,DEN,LA,CIN,MIN,CIN,SF,0,0,0,0,0,0
5293395,Daniel Jones,Alvin Kamara,Christian McCaffrey,Jerry Jeudy,Cooper Kupp,Ja'Marr Chase,Darren Waller,Joe Mixon,San Francisco 49ers,122.6,173.4,109.8,63.6,RB,NYG,NO,SF,DEN,LA,CIN,NYG,CIN,SF,0,0,1,0,0,1
7249537,Daniel Jones,Alvin Kamara,Josh Jacobs,Cooper Kupp,Davante Adams,Ja'Marr Chase,Dalton Schultz,Joe Mixon,Kansas City Chiefs,122.6,173.4,110.8,62.6,RB,NYG,NO,LV,LA,LV,CIN,HOU,CIN,KC,0,0,0,0,0,0
5237352,Daniel Jones,Alvin Kamara,Josh Jacobs,Jerry Jeudy,Cooper Kupp,Ja'Marr Chase,Travis Kelce,Joe Mixon,Los Angeles Rams,122.6,173.3,111.7,61.6,RB,NYG,NO,LV,DEN,LA,CIN,KC,CIN,LA,0,0,0,0,0,0
7601877,Daniel Jones,Alvin Kamara,Tony Pollard,Cooper Kupp,Ja'Marr Chase,Stefon Diggs,Darren Waller,Joe Mixon,Los Angeles Rams,122.6,173.2,110.9,62.3,RB,NYG,NO,DAL,LA,CIN,BUF,NYG,CIN,LA,0,0,1,0,0,1
7250880,Daniel Jones,Alvin Kamara,Josh Jacobs,Cooper Kupp,Davante Adams,Ja'Marr Chase,Darren Waller,Joe Mixon,Las Vegas Raiders,122.6,172.9,110.8,62.1,RB,NYG,NO,LV,LA,LV,CIN,NYG,CIN,LV,0,0,1,0,0,1
4480675,Daniel Jones,Joe Mixon,Alvin Kamara,Michael Thomas,Cooper Kupp,Ja'Marr Chase,T.J. Hockenson,Tyreek Hill,Chicago Bears,122.4,175.8,109,66.8,WR,NYG,CIN,NO,NO,LA,CIN,MIN,MIA,CHI,0,0,0,0,0,0
4926179,Daniel Jones,Rachaad White,Joe Mixon,Calvin Ridley,Cooper Kupp,Ja'Marr Chase,T.J. Hockenson,Tyreek Hill,Miami Dolphins,122.4,174.2,111.7,62.5,WR,NYG,TB,CIN,JAC,LA,CIN,MIN,MIA,MIA,0,0,0,0,0,0
7263029,Daniel Jones,Alvin Kamara,Tony Pollard,Cooper Kupp,Davante Adams,Ja'Marr Chase,Dalton Schultz,Joe Mixon,Miami Dolphins,122.4,173.7,109.7,64,RB,NYG,NO,DAL,LA,LV,CIN,HOU,CIN,MIA,0,0,0,0,0,0
7587029,Daniel Jones,Alvin Kamara,Josh Jacobs,Cooper Kupp,Ja'Marr Chase,Stefon Diggs,Dalton Schultz,Joe Mixon,Miami Dolphins,122.4,172.9,111.3,61.6,RB,NYG,NO,LV,LA,CIN,BUF,HOU,CIN,MIA,0,0,0,0,0,0
7237395,Daniel Jones,Alvin Kamara,Josh Jacobs,Cooper Kupp,Davante Adams,Ja'Marr Chase,Darren Waller,Rachaad White,San Francisco 49ers,122.4,172.9,110.8,62.1,RB,NYG,NO,LV,LA,LV,CIN,NYG,TB,SF,0,0,1,0,0,1
7264381,Daniel Jones,Alvin Kamara,Tony Pollard,Cooper Kupp,Davante Adams,Ja'Marr Chase,Darren Waller,Joe Mixon,Cincinnati Bengals,122.4,173.2,108.7,64.5,RB,NYG,NO,DAL,LA,LV,CIN,NYG,CIN,CIN,0,0,1,0,0,1
7264375,Daniel Jones,Alvin Kamara,Tony Pollard,Cooper Kupp,Davante Adams,Ja'Marr Chase,Darren Waller,Joe Mixon,Chicago Bears,122.4,173.1,107.9,65.2,RB,NYG,NO,DAL,LA,LV,CIN,NYG,CIN,CHI,0,0,1,0,0,1
4480676,Daniel Jones,Joe Mixon,Alvin Kamara,Michael Thomas,Cooper Kupp,Ja'Marr Chase,T.J. Hockenson,Tyreek Hill,Los Angeles Chargers,122.3,175.4,110.1,65.3,WR,NYG,CIN,NO,NO,LA,CIN,MIN,MIA,LAC,0,0,0,0,0,0
3117182,Daniel Jones,Alvin Kamara,Christian McCaffrey,Michael Thomas,Jerry Jeudy,Cooper Kupp,T.J. Hockenson,Ja'Marr Chase,Atlanta Falcons,122.3,174.7,110.9,63.8,WR,NYG,NO,SF,NO,DEN,LA,MIN,CIN,ATL,0,0,0,0,0,0
4496879,Daniel Jones,Alvin Kamara,Josh Jacobs,Michael Thomas,Cooper Kupp,Ja'Marr Chase,Darren Waller,Tyreek Hill,Miami Dolphins,122.3,174.4,110.5,63.9,WR,NYG,NO,LV,NO,LA,CIN,NYG,MIA,MIA,0,0,1,0,0,1
4496890,Daniel Jones,Alvin Kamara,Josh Jacobs,Michael Thomas,Cooper Kupp,Ja'Marr Chase,Darren Waller,Tyreek Hill,Minnesota Vikings,122.3,174.3,111.1,63.2,WR,NYG,NO,LV,NO,LA,CIN,NYG,MIA,MIN,0,0,1,0,0,1
5428379,Daniel Jones,Rachaad White,Alvin Kamara,DJ Moore,Cooper Kupp,Ja'Marr Chase,Darren Waller,Tyreek Hill,Miami Dolphins,122.3,173.7,110.3,63.4,WR,NYG,TB,NO,CHI,LA,CIN,NYG,MIA,MIA,0,0,1,0,0,1
7221180,Daniel Jones,Joe Mixon,Alvin Kamara,Cooper Kupp,Davante Adams,Ja'Marr Chase,T.J. Hockenson,Rachaad White,Las Vegas Raiders,122.3,173.1,111.5,61.6,RB,NYG,CIN,NO,LA,LV,CIN,MIN,TB,LV,0,0,0,0,0,0
4480677,Daniel Jones,Joe Mixon,Alvin Kamara,Michael Thomas,Cooper Kupp,Ja'Marr Chase,T.J. Hockenson,Tyreek Hill,Los Angeles Rams,122.2,176.4,110.8,65.6,WR,NYG,CIN,NO,NO,LA,CIN,MIN,MIA,LA,0,0,0,0,0,0
4478657,Daniel Jones,Joe Mixon,Alvin Kamara,Michael Thomas,Cooper Kupp,Ja'Marr Chase,Evan Engram,Tyreek Hill,Atlanta Falcons,122.2,174.2,109.9,64.3,WR,NYG,CIN,NO,NO,LA,CIN,JAC,MIA,ATL,0,0,0,0,0,0
7264377,Daniel Jones,Alvin Kamara,Tony Pollard,Cooper Kupp,Davante Adams,Ja'Marr Chase,Darren Waller,Joe Mixon,Los Angeles Rams,122.2,173.7,109.7,64,RB,NYG,NO,DAL,LA,LV,CIN,NYG,CIN,LA,0,0,1,0,0,1
5236695,Daniel Jones,Alvin Kamara,Josh Jacobs,Jerry Jeudy,Cooper Kupp,Ja'Marr Chase,T.J. Hockenson,Joe Mixon,San Francisco 49ers,122.2,173.2,110.1,63.1,RB,NYG,NO,LV,DEN,LA,CIN,MIN,CIN,SF,0,0,0,0,0,0
7264383,Daniel Jones,Alvin Kamara,Tony Pollard,Cooper Kupp,Davante Adams,Ja'Marr Chase,Darren Waller,Joe Mixon,New England Patriots,122.2,173,110,63,RB,NYG,NO,DAL,LA,LV,CIN,NYG,CIN,NE,0,0,1,0,0,1
7588377,Daniel Jones,Alvin Kamara,Josh Jacobs,Cooper Kupp,Ja'Marr Chase,Stefon Diggs,Darren Waller,Joe Mixon,Los Angeles Rams,122.2,172.9,111.3,61.6,RB,NYG,NO,LV,LA,CIN,BUF,NYG,CIN,LA,0,0,1,0,0,1
7869179,Daniel Jones,Joe Mixon,Alvin Kamara,Cooper Kupp,Ja'Marr Chase,Tyreek Hill,T.J. Hockenson,Jeff Wilson Jr.,Miami Dolphins,122.2,172.8,109.9,62.9,RB,NYG,CIN,NO,LA,CIN,MIA,MIN,MIA,MIA,0,0,0,0,0,0
7250885,Daniel Jones,Alvin Kamara,Josh Jacobs,Cooper Kupp,Davante Adams,Ja'Marr Chase,Darren Waller,Joe Mixon,Tennessee Titans,122.1,172.8,109.2,63.6,RB,NYG,NO,LV,LA,LV,CIN,NYG,CIN,TEN,0,0,1,0,0,1
4467179,Daniel Jones,Rachaad White,Alvin Kamara,Michael Thomas,Cooper Kupp,Ja'Marr Chase,T.J. Hockenson,Tyreek Hill,Miami Dolphins,122,174.6,111.2,63.4,WR,NYG,TB,NO,NO,LA,CIN,MIN,MIA,MIA,0,0,0,0,0,0
3293354,Daniel Jones,Alvin Kamara,Josh Jacobs,Michael Thomas,DeAndre Hopkins,Cooper Kupp,Travis Kelce,Ja'Marr Chase,Miami Dolphins,122,174.5,111.1,63.4,WR,NYG,NO,LV,NO,TEN,LA,KC,CIN,MIA,0,0,0,0,0,0
3359504,Daniel Jones,Alvin Kamara,Christian McCaffrey,Michael Thomas,DeAndre Hopkins,Cooper Kupp,Mark Andrews,Ja'Marr Chase,Miami Dolphins,122,174.4,111.1,63.3,WR,NYG,NO,SF,NO,TEN,LA,BAL,CIN,MIA,0,0,0,0,0,0
4712895,Daniel Jones,Joe Mixon,Alvin Kamara,Jerry Jeudy,Cooper Kupp,Ja'Marr Chase,Darren Waller,Tyreek Hill,San Francisco 49ers,122,173.6,108.9,64.7,WR,NYG,CIN,NO,DEN,LA,CIN,NYG,MIA,SF,0,0,1,0,0,1
7249529,Daniel Jones,Alvin Kamara,Josh Jacobs,Cooper Kupp,Davante Adams,Ja'Marr Chase,Dalton Schultz,Joe Mixon,Miami Dolphins,122,173.4,110.1,63.3,RB,NYG,NO,LV,LA,LV,CIN,HOU,CIN,MIA,0,0,0,0,0,0
7249540,Daniel Jones,Alvin Kamara,Josh Jacobs,Cooper Kupp,Davante Adams,Ja'Marr Chase,Dalton Schultz,Joe Mixon,Minnesota Vikings,122,173.3,110.7,62.6,RB,NYG,NO,LV,LA,LV,CIN,HOU,CIN,MIN,0,0,0,0,0,0
7258300,Daniel Jones,Alvin Kamara,Josh Jacobs,Cooper Kupp,Davante Adams,Ja'Marr Chase,Cole Kmet,Joe Mixon,Chicago Bears,122,173.3,107.6,65.7,RB,NYG,NO,LV,LA,LV,CIN,CHI,CIN,CHI,0,0,0,0,0,0
7250881,Daniel Jones,Alvin Kamara,Josh Jacobs,Cooper Kupp,Davante Adams,Ja'Marr Chase,Darren Waller,Joe Mixon,Cincinnati Bengals,122,172.9,109.1,63.8,RB,NYG,NO,LV,LA,LV,CIN,NYG,CIN,CIN,0,0,1,0,0,1
7250875,Daniel Jones,Alvin Kamara,Josh Jacobs,Cooper Kupp,Davante Adams,Ja'Marr Chase,Darren Waller,Joe Mixon,Chicago Bears,122,172.8,108.3,64.5,RB,NYG,NO,LV,LA,LV,CIN,NYG,CIN,CHI,0,0,1,0,0,1
3346682,Daniel Jones,Joe Mixon,Christian McCaffrey,Michael Thomas,DeAndre Hopkins,Cooper Kupp,T.J. Hockenson,Ja'Marr Chase,Atlanta Falcons,121.9,175.2,110.4,64.8,WR,NYG,CIN,SF,NO,TEN,LA,MIN,CIN,ATL,0,0,0,0,0,0
4477307,Daniel Jones,Joe Mixon,Alvin Kamara,Michael Thomas,Cooper Kupp,Ja'Marr Chase,Cole Kmet,Tyreek Hill,Atlanta Falcons,121.9,173.8,108.5,65.3,WR,NYG,CIN,NO,NO,LA,CIN,CHI,MIA,ATL,0,0,0,0,0,0
7254929,Daniel Jones,Alvin Kamara,Josh Jacobs,Cooper Kupp,Davante Adams,Ja'Marr Chase,Zach Ertz,Joe Mixon,Miami Dolphins,121.9,173.1,109.9,63.2,RB,NYG,NO,LV,LA,LV,CIN,ARI,CIN,MIA,0,0,0,0,0,0
7558677,Daniel Jones,Joe Mixon,Alvin Kamara,Cooper Kupp,Ja'Marr Chase,Stefon Diggs,T.J. Hockenson,Rachaad White,Los Angeles Rams,121.9,173.1,112,61.1,RB,NYG,CIN,NO,LA,CIN,BUF,MIN,TB,LA,0,0,0,0,0,0
7258301,Daniel Jones,Alvin Kamara,Josh Jacobs,Cooper Kupp,Davante Adams,Ja'Marr Chase,Cole Kmet,Joe Mixon,Los Angeles Chargers,121.9,172.9,108.7,64.2,RB,NYG,NO,LV,LA,LV,CIN,CHI,CIN,LAC,0,0,0,0,0,0
7258302,Daniel Jones,Alvin Kamara,Josh Jacobs,Cooper Kupp,Davante Adams,Ja'Marr Chase,Cole Kmet,Joe Mixon,Los Angeles Rams,121.8,173.9,109.4,64.5,RB,NYG,NO,LV,LA,LV,CIN,CHI,CIN,LA,0,0,0,0,0,0
7250877,Daniel Jones,Alvin Kamara,Josh Jacobs,Cooper Kupp,Davante Adams,Ja'Marr Chase,Darren Waller,Joe Mixon,Los Angeles Rams,121.8,173.4,110.1,63.3,RB,NYG,NO,LV,LA,LV,CIN,NYG,CIN,LA,0,0,1,0,0,1
3994695,Daniel Jones,Joe Mixon,Alvin Kamara,DeAndre Hopkins,Chris Godwin,Ja'Marr Chase,T.J. Hockenson,Tyreek Hill,San Francisco 49ers,121.7,174,109.5,64.5,WR,NYG,CIN,NO,TEN,TB,CIN,MIN,MIA,SF,0,0,0,0,0,0
4963302,Daniel Jones,Joe Mixon,Alvin Kamara,Calvin Ridley,Cooper Kupp,Ja'Marr Chase,Cole Kmet,Tyreek Hill,Los Angeles Rams,121.7,173.6,109.7,63.9,WR,NYG,CIN,NO,JAC,LA,CIN,CHI,MIA,LA,0,0,0,0,0,0
7221181,Daniel Jones,Joe Mixon,Alvin Kamara,Cooper Kupp,Davante Adams,Ja'Marr Chase,T.J. Hockenson,Rachaad White,Cincinnati Bengals,121.7,173.1,109.8,63.3,RB,NYG,CIN,NO,LA,LV,CIN,MIN,TB,CIN,0,0,0,0,0,0
7221175,Daniel Jones,Joe Mixon,Alvin Kamara,Cooper Kupp,Davante Adams,Ja'Marr Chase,T.J. Hockenson,Rachaad White,Chicago Bears,121.7,173,109,64,RB,NYG,CIN,NO,LA,LV,CIN,MIN,TB,CHI,0,0,0,0,0,0
7256954,Daniel Jones,Alvin Kamara,Josh Jacobs,Cooper Kupp,Davante Adams,Ja'Marr Chase,Jake Ferguson,Joe Mixon,Miami Dolphins,121.7,172.8,109.9,62.9,RB,NYG,NO,LV,LA,LV,CIN,DAL,CIN,MIA,0,0,0,0,0,0
3360175,Daniel Jones,Alvin Kamara,Christian McCaffrey,Michael Thomas,DeAndre Hopkins,Cooper Kupp,T.J. Hockenson,Ja'Marr Chase,Chicago Bears,121.5,174.8,109.3,65.5,WR,NYG,NO,SF,NO,TEN,LA,MIN,CIN,CHI,0,0,0,0,0,0
3346827,Sam Howell,Joe Mixon,Christian McCaffrey,Michael Thomas,DeAndre Hopkins,Cooper Kupp,T.J. Hockenson,Ja'Marr Chase,Los Angeles Rams,121.5,173.8,115.3,58.5,WR,WAS,CIN,SF,NO,TEN,LA,MIN,CIN,LA,0,0,0,0,0,0
7221177,Daniel Jones,Joe Mixon,Alvin Kamara,Cooper Kupp,Davante Adams,Ja'Marr Chase,T.J. Hockenson,Rachaad White,Los Angeles Rams,121.5,173.6,110.8,62.8,RB,NYG,CIN,NO,LA,LV,CIN,MIN,TB,LA,0,0,0,0,0,0
7221183,Daniel Jones,Joe Mixon,Alvin Kamara,Cooper Kupp,Davante Adams,Ja'Marr Chase,T.J. Hockenson,Rachaad White,New England Patriots,121.5,172.9,111.1,61.8,RB,NYG,CIN,NO,LA,LV,CIN,MIN,TB,NE,0,0,0,0,0,0
3360176,Daniel Jones,Alvin Kamara,Christian McCaffrey,Michael Thomas,DeAndre Hopkins,Cooper Kupp,T.J. Hockenson,Ja'Marr Chase,Los Angeles Chargers,121.4,174.4,110.4,64,WR,NYG,NO,SF,NO,TEN,LA,MIN,CIN,LAC,0,0,0,0,0,0
4469895,Daniel Jones,Joe Mixon,Alvin Kamara,Michael Thomas,Cooper Kupp,Ja'Marr Chase,Darren Waller,Tyreek Hill,San Francisco 49ers,121.4,174.2,108.1,66.1,WR,NYG,CIN,NO,NO,LA,CIN,NYG,MIA,SF,0,0,1,0,0,1
4480002,Daniel Jones,Joe Mixon,Alvin Kamara,Michael Thomas,Cooper Kupp,Ja'Marr Chase,Mark Andrews,Tyreek Hill,Los Angeles Rams,121.4,174,110,64,WR,NYG,CIN,NO,NO,LA,CIN,BAL,MIA,LA,0,0,0,0,0,0
3360177,Daniel Jones,Alvin Kamara,Christian McCaffrey,Michael Thomas,DeAndre Hopkins,Cooper Kupp,T.J. Hockenson,Ja'Marr Chase,Los Angeles Rams,121.3,175.4,111.1,64.3,WR,NYG,NO,SF,NO,TEN,LA,MIN,CIN,LA,0,0,0,0,0,0
5440527,Daniel Jones,Joe Mixon,Alvin Kamara,DJ Moore,Cooper Kupp,Ja'Marr Chase,Dalton Schultz,Tyreek Hill,Los Angeles Rams,121.2,174.1,109.1,65,WR,NYG,CIN,NO,CHI,LA,CIN,HOU,MIA,LA,0,0,0,0,0,0
3266370,Daniel Jones,Joe Mixon,Alvin Kamara,Michael Thomas,DeAndre Hopkins,Cooper Kupp,Travis Kelce,Ja'Marr Chase,San Francisco 49ers,121.1,174.3,108.7,65.6,WR,NYG,CIN,NO,NO,TEN,LA,KC,CIN,SF,0,0,0,0,0,0
3117179,Daniel Jones,Alvin Kamara,Christian McCaffrey,Michael Thomas,Jerry Jeudy,Cooper Kupp,T.J. Hockenson,Ja'Marr Chase,Miami Dolphins,121,174.3,109.5,64.8,WR,NYG,NO,SF,NO,DEN,LA,MIN,CIN,MIA,0,0,0,0,0,0
7249542,Daniel Jones,Alvin Kamara,Josh Jacobs,Cooper Kupp,Davante Adams,Ja'Marr Chase,Dalton Schultz,Joe Mixon,Detroit Lions,121,173.1,109.9,63.2,RB,NYG,NO,LV,LA,LV,CIN,HOU,CIN,DET,0,0,0,0,0,0
4478654,Daniel Jones,Joe Mixon,Alvin Kamara,Michael Thomas,Cooper Kupp,Ja'Marr Chase,Evan Engram,Tyreek Hill,Miami Dolphins,120.9,173.8,108.5,65.3,WR,NYG,CIN,NO,NO,LA,CIN,JAC,MIA,MIA,0,0,0,0,0,0
3346679,Daniel Jones,Joe Mixon,Christian McCaffrey,Michael Thomas,DeAndre Hopkins,Cooper Kupp,T.J. Hockenson,Ja'Marr Chase,Miami Dolphins,120.6,174.8,109,65.8,WR,NYG,CIN,SF,NO,TEN,LA,MIN,CIN,MIA,0,0,0,0,0,0
3130679,Daniel Jones,Josh Jacobs,Christian McCaffrey,Michael Thomas,Jerry Jeudy,Cooper Kupp,T.J. Hockenson,Ja'Marr Chase,Miami Dolphins,120.5,173.8,109.3,64.5,WR,NYG,LV,SF,NO,DEN,LA,MIN,CIN,MIA,0,0,0,0,0,0
